Categoria;Sigla;Descricao;Tipo de Ativo 
D;ADA;ALONGAMENTO DA DIVIDA AGRICOLA;ADA 
D;BBC;BONUS DO BANCO CENTRAL;BBC 
D;BTN-BIB;BONUS DO TESOURO NACIONAL;BTN 
D;CCB;CEDULA DE CREDITO BANCARIO;CC 
D;CCCB;CERTIFICADO DE CEDULA DE CREDITO BANCARIO;CCC 
D;CCE;CEDULAS DE CREDITO A EXPORTACAO;CCE 
D;CCIM;CEDULA DE CREDITO IMOBILIARIO;CCI 
D;CDA AGRO;CERTIFICADO DE DEPOSITO AGROPECUARIO;CA 
D;CDB;CERTIFICADO DE DEPOSITO BANCARIO;C 
D;CDB ANTIGO;CERTIFICADO DE DEPOSITO BANCARIO;CDB 
D;CDBS;CERTIFICADO DE DEPOSITO BANCARIO SUBORDINADO;CDS 
D;CDCA;CERTIFICADOS DE DIREITOS CREDITORIOS DO AGRONEGOCIO;CDC 
D;CDEB;CEDULA DE DEBENTURES;CDE 
D;CDP-INSS;CERTIFICADO DA DIVIDA PUBLICA MOBILIARIA FEDERAL - CDP/INSS;CDP 
D;CEDULA DEB;CEDULA PIGNORATICIA DE DEBENTURES;CPD 
D;CFT;CERTIFICADO FINANCEIRO DO TESOURO;CFT 
D;CML;CERTIFICADO DE DEPOSITO DE MEDIO OU LONGO PRAZO;CML 
D;CP BACEN;CERTIFICADO DE PRIVATIZACAO BACEN;CPB 
D;CP CETIP;CERTIFICADO DE PRIVATIZACAO CETIP;CPC 
D;CPR;CEDULA REPRESENTATIVA DE PRODUTO RURAL;PR 
D;CPR2;CEDULA REPRESENTATIVA DE PRODUTO RURAL;RR 
D;CPR3;CEDULA REPRESENTATIVA DE PRODUTO RURAL;RU 
D;CPR4;CEDULA REPRESENTATIVA DE PRODUTO RURAL;RL 
D;CPR5;CEDULA REPRESENTATIVA DE PRODUTO RURAL;RA 
D;CPR6;CEDULA REPRESENTATIVA DE PRODUTO RURAL;RP 
D;CRA;CERTIFICADOS DE RECEBIVEIS DO AGRONEGOCIO;CRA 
D;CRC;CONTAS DE RESULTADOS A COMPENSAR - CRC;CRC 
D;CRI;CERTIFICADOS DE RECEBIVEIS IMOBILIARIOS;CRI 
D;CSEC;CREDITO SECURITIZADO;CSC 
D;CTEE;CERTIFICADOS A TERMO DE ENERGIA ELETRICA;CTE 
D;DEB MISC;DEBENTURES MISCELANEAS;DBM 
D;DEB OR;DEBENTURES CONVERSIVEIS EM ACOES ORDINARIAS;DBO 
D;DEB PR;DEBENTURES CONVERSIVEIS EM ACOES PREFERENCIAIS;DBP 
D;DEB SIMPL;DEBENTURES SIMPLES;DBS 
D;DI;DEPOSITO INTERFINANCEIRO;DI 
D;DPGE;DEPOSITO A PRAZO COM GARANTIA EPECIAL DO FGC;DP 
D;LAM;LETRA DE ARRENDAMENTO MERCANTIL;LAM 
D;LBC;LETRAS DO BANCO CENTRAL;LBC 
D;LC;LETRA DE CAMBIO;LC 
D;LCA;LETRA DE CREDITO DO AGRONEGOCIO;LA 
D;LCI;LETRA DE CREDITO IMOBILIARIO;LIC 
D;LF;LETRA FINANCEIRA;LFI 
D;LFT;LETRAS FINANCEIRAS DO TESOURO;LF 
D;LFT-A;LETRAS FINANCEIRAS DO TESOURO SERIE A;LFA 
D;LFT-B;LETRAS FINANCEIRAS DO TESOURO SERIE B;LFB 
D;LFT1;LETRAS FINANCEIRAS DO TESOURO;LFT 
D;LH;LETRA HIPOTECARIA;LH 
D;LTN;LETRAS DO TESOURO NACIONAL;LTN 
D;NBC;NOTAS DO BANCO CENTRAL;NBC 
D;NCE;NOTAS DE CREDITO A EXPORTACAO;NCE 
D;NJF;NOTAS A JUROS FLUTUANTES;NJF 
D;NOTAS;NOTAS;NOT 
D;NP;NOTA PROMISSORIA;NPM 
D;NTN-B;NOTAS DO TESOURO NACIONAL SERIE B;NTB 
D;NTN-C;NOTAS DO TESOURO NACIONAL SERIE C;NTC 
D;NTN-F;NOTAS DO TESOURO NACIONAL SERIE F;NTF 
D;NTN-I;NOTAS DO TESOURO NACIONAL SERIE I;NI 
D;NTN-P;NOTAS DO TESOURO NACIONAL SERIE P;NTP 
D;NTNA;NOTAS DO TESOURO NACIONAL SERIE A;NTA 
D;NTND;NOTAS DO TESOURO NACIONAL SERIE D;NTD 
D;NTNE;NOTAS DO TESOURO NACIONAL SERIE E;NTE 
D;NTNH;NOTAS DO TESOURO NACIONAL SERIE H;NTH 
D;NTNI;NOTAS DO TESOURO NACIONAL SERIE I;NT 
D;NTNJ;NOTAS DO TESOURO NACIONAL SERIE J;NTJ 
D;NTNL;NOTAS DO TESOURO NACIONAL SERIE L;NTL 
D;NTNM;NOTAS DO TESOURO NACIONAL SERIE M;NTM 
D;NTNR2;NOTAS DO TESOURO NACIONAL SERIE R2;NTR 
D;NTNS;NOTAS DO TESOURO NACIONAL SERIE S;NTS 
D;NTNT;NOTAS DO TESOURO NACIONAL SERIE T;NTT 
D;NTNU;NOTAS DO TESOURO NACIONAL SERIE U;NTU 
D;PCD;POSICAO CONSOLIDADA DA DIVIDA;PCD 
D;PRECATORIO;PRECATORIO;PCT 
D;RDB;RECIBO DE DEPOSITO BANCARIO;RDB 
D;TDA;TITULO DA DIVIDA AGRARIA;TD 
D;TIT DIV EX;TITULO DA DIVIDA EXTERNA;TDE 
D;WA;WARRANT AGROPECUARIO;WA 
D;WARRANT RF;WARRANTS RENDA FIXA;WTS 
E;AC DIF RES;ACOES RESGATAVEIS COM DIREITOS DIFERENCIADOS;Z 
E;ACN;ACOES NOMINATIVAS;ACN 
E;ACOES DIF;ACOES COM DIREITOS DIFERENCIADOS;A 
E;ARN;ACOES RESGATAVEIS;ARN 
E;BDR;CERTIFICADO DE DEPOSITO DE VALORES MOBILIARIOS;BDR 
E;CDA;CERTIFICADO DE DEPOSITO DE ACOES;CDA 
E;COTA FUNDO;COTAS;CTF 
E;INDICE;INDICE;IND 
E;POP MISCEL;PROTECAO DO INVESTIMENTO COM PARTICIPACAO – POP MISCELANEAS;PPM 
E;POP ON;PROTECAO DO INVESTIMENTO COM PARTICIPACAO – POP ON;PPO 
E;POP PN;PROTECAO DO INVESTIMENTO COM PARTICIPACAO – POP PN;PPP 
E;POP PNA;PROTECAO DO INVESTIMENTO COM PARTICIPACAO – POP PNA;PPA 
E;REC RESG;RECIBOS DE SUBSCRICAO DE ACOES RESGATAVEIS;E 
E;RECIBOS;RECIBOS DE SUBSCRICAO;R 
E;TERMO D BD;TERMO EM DOLAR DE BDRS;TUR 
E;TERMO D CT;TERMO EM DOLAR DE COTAS;TUM 
E;TERMO D OR;TERMO EM DOLAR DE ACOES ORDINARIAS;TUO 
E;TERMO D PA;TERMO EM DOLAR DE ACOES PREFERENCIAIS CLASSE A;TUA 
E;TERMO D PB;TERMO EM DOLAR DE ACOES PREFERENCIAIS CLASSE B;TUB 
E;TERMO D PC;TERMO EM DOLAR DE ACOES PREFERENCIAIS CLASSE C;TUC 
E;TERMO D PD;TERMO EM DOLAR DE ACOES PREFERENCIAIS CLASSE D;TUD 
E;TERMO D PE;TERMO EM DOLAR DE ACOES PREFERENCIAIS CLASSE E;TUE 
E;TERMO D PF;TERMO EM DOLAR DE ACOES PREFERENCIAIS CLASSE F;TUF 
E;TERMO D PG;TERMO EM DOLAR DE ACOES PREFERENCIAIS CLASSE G;TUG 
E;TERMO D PH;TERMO EM DOLAR DE ACOES PREFERENCIAIS CLASSE H;TUH 
E;TERMO D PR;TERMO EM DOLAR DE ACOES PREFERENCIAIS;TUP 
E;TERMO D RC;TERMO EM DOLAR DE RECIBO DE CARTEIRA SELECIONADA DE ACOES;TUS 
E;TERMO D UN;TERMO EM DOLAR DE UNITS / CDA;TUU 
E;TERMO D V1;TERMO EM DOLAR DE ACOES PREFERENCIAIS COM DIREITO A VOTO;TUV 
E;TERMO F BD;TERMO FLEXIVEL DE BDRS;TSR 
E;TERMO F CT;TERMO FLEXIVEL DE COTAS;TSM 
E;TERMO F OR;TERMO FLEXIVEL DE ACOES ORDINARIAS;TSO 
E;TERMO F PA;TERMO FLEXIVEL DE ACOES PREFERENCIAIS CLASSE A;TSA 
E;TERMO F PB;TERMO FLEXIVEL DE ACOES PREFERENCIAIS CLASSE B;TSB 
E;TERMO F PC;TERMO FLEXIVEL DE ACOES PREFERENCIAIS CLASSE C;TSC 
E;TERMO F PD;TERMO FLEXIVEL DE ACOES PREFERENCIAIS CLASSE D;TSD 
E;TERMO F PE;TERMO FLEXIVEL DE ACOES PREFERENCIAIS CLASSE E;TSE 
E;TERMO F PF;TERMO FLEXIVEL DE ACOES PREFERENCIAIS CLASSE F;TSF 
E;TERMO F PG;TERMO FLEXIVEL DE ACOES PREFERENCIAIS CLASSE G;TSG 
E;TERMO F PH;TERMO FLEXIVEL DE ACOES PREFERENCIAIS CLASSE H;TSH 
E;TERMO F PR;TERMO FLEXIVEL DE ACOES PREFERENCIAIS;TSP 
E;TERMO F RC;TERMO FLEXIVEL DE RECIBO DE CARTEIRA SELECIONADA DE ACOES;TSS 
E;TERMO F UN;TERMO FLEXIVEL DE UNITS / CDA;TSU 
E;TERMO F V1;TERMO FLEXIVEL DE ACOES PREFERENCIAIS COM DIREITO A VOTO;TSV 
E;TERMO N BD;TERMO NORMAL DE BDRS;TNR 
E;TERMO N CT;TERMO NORMAL DE COTAS;TNM 
E;TERMO N OR;TERMO NORMAL DE ACOES ORDINARIAS;TNO 
E;TERMO N PA;TERMO NORMAL DE ACOES PREFERENCIAIS CLASSE A;TNA 
E;TERMO N PB;TERMO NORMAL DE ACOES PREFERENCIAIS CLASSE B;TNB 
E;TERMO N PC;TERMO NORMAL DE ACOES PREFERENCIAIS CLASSE C;TNC 
E;TERMO N PD;TERMO NORMAL DE ACOES PREFERENCIAIS CLASSE D;TND 
E;TERMO N PE;TERMO NORMAL DE ACOES PREFERENCIAIS CLASSE E;TNE 
E;TERMO N PF;TERMO NORMAL DE ACOES PREFERENCIAIS CLASSE F;TNF 
E;TERMO N PG;TERMO NORMAL DE ACOES PREFERENCIAIS CLASSE G;TNG 
E;TERMO N PH;TERMO NORMAL DE ACOES PREFERENCIAIS CLASSE H;TNH 
E;TERMO N PR;TERMO NORMAL DE ACOES PREFERENCIAIS;TNP 
E;TERMO N RC;TERMO NORMAL DE RECIBOS DE CARTEIRA SELECIONADA DE ACOES;TNS 
E;TERMO N UN;TERMO NORMAL DE UNITS / CDA;TNU 
E;TERMO N V1;TERMO NORMAL DE ACOES PREFERENCIAIS COM DIREITO A VOTO;TNV 
E;TERMO P BD;TERMO EM PONTOS DE BDRS;TPR 
E;TERMO P OR;TERMO EM PONTOS DE ACOES ORDINARIAS;TPO 
E;TERMO P PA;TERMO EM PONTOS DE ACOES PREFERENCIAIS CLASSE A;TPA 
E;TERMO P PB;TERMO EM PONTOS DE ACOES PREFERENCIAIS CLASSE B;TPB 
E;TERMO P PC;TERMO EM PONTOS DE ACOES PREFERENCIAIS CLASSE C;TPC 
E;TERMO P PD;TERMO EM PONTOS DE ACOES PREFERENCIAIS CLASSE D;TPD 
E;TERMO P PE;TERMO EM PONTOS DE ACOES PREFERENCIAIS CLASSE E;TPE 
E;TERMO P PF;TERMO EM PONTOS DE ACOES PREFERENCIAIS CLASSE F;TPF 
E;TERMO P PG;TERMO EM PONTOS DE ACOES PREFERENCIAIS CLASSE G;TPG 
E;TERMO P PH;TERMO EM PONTOS DE ACOES PREFERENCIAIS CLASSE H;TPH 
E;TERMO P PR;TERMO EM PONTOS DE ACOES PREFERENCIAIS;TPP 
E;TERMO P RC;TERMO EM PONTOS DE RCTB;TPS 
E;TERMO P UN;TERMO EM PONTOS DE UNITS / CDA;TPU 
E;TERMO P V1;TERMO EM PONTOS DE ACOES PREFERENCIAIS COM DIREITO A VOTO;TPV 
F;A18;CONTRATO FUTURO A-BOND 2018;T18 
F;AL2;CONTRATO FUTURO DE ALCOOL ANIDRO LEILAO;AL2 
F;ALA;CONTRATO FUTURO DE ALCOOL ANIDRO;ALA 
F;AUD;CONTRATO FUTURO DE DOLAR AUSTRALIANO;AUD 
F;B09;CONTRATO FUTURO DE GLOBAL 2009;B09 
F;B10;CONTRATO FUTURO DE GLOBAL 2010;B10 
F;B11;CONTRATO FUTURO DE GLOBAL 2011;B11 
F;B12;CONTRATO FUTURO DE GLOBAL 2012;B12 
F;B13;CONTRATO FUTURO DE GLOBAL 2013;B13 
F;B14;CONTRATO FUTURO DE GLOBAL 2014;B14 
F;B15;CONTRATO FUTURO DE GLOBAL 2015;B15 
F;B17;CONTRATO FUTURO DE GLOBAL 2017;B17 
F;B19;CONTRATO FUTURO DE GLOBAL 2019;B19 
F;B20;CONTRATO FUTURO DE GLOBAL 2020;B20 
F;B24;CONTRATO FUTURO DE GLOBAL 2024;B24 
F;B25;CONTRATO FUTURO DE GLOBAL 2025;B25 
F;B27;CONTRATO FUTURO DE GLOBAL 2027;B27 
F;B30;CONTRATO FUTURO DE GLOBAL 2030;B30 
F;B34;CONTRATO FUTURO DE GLOBAL 2034;B34 
F;B37;CONTRATO FUTURO DE GLOBAL 2037;B37 
F;B40;CONTRATO FUTURO DE GLOBAL 2040;B40 
F;BC3;CONTRATO FUTURO DE SWAP DE CREDITO DE 3 ANOS;BC3 
F;BC5;CONTRATO FUTURO DE SWAP DE CREDITO DE 5 ANOS;BC5 
F;BC7;CONTRATO FUTURO DE SWAP DE CREDITO DE 7 ANOS;BC7 
F;BCB;CONTRATO FUTURO DE C-BOND;BCB 
F;BEI;CONTRATO FUTURO DE EI-BOND;BEI 
F;BG2;CONTRATO FUTURO DE BOI GORDO LEILAO;BG2 
F;BGI;CONTRATO FUTURO DE BOI GORDO;BGI 
F;BR1;CONTRATO FUTURO DE BOI GORDO (ROLAGEM);BR1 
F;BRI;CONTRATO FUTURO DE INDICE BRASIL-50;BRI 
F;BZ2;CONTRATO FUTURO DE BEZERRO LEILAO;BZ2 
F;BZE;CONTRATO FUTURO DE BEZERRO;BZE 
F;CAD;CONTRATO FUTURO DE DOLAR CANADENSE;CAD 
F;CCM;CONTRATO FUTURO DE MILHO – CAMPINAS;CCP 
F;CHF;CONTRATO FUTURO DE FRANCO SUICO;CHF 
F;CL2;CONTRATO FUTURO DE CAFE CONILLON LEILAO;CL2 
F;CLC;CONTRATO FUTURO DE MILHO - LUCAS DO RIO VERDE;CLC 
F;CLP;CONTRATO FUTURO DE PESO CHILENO;CLP 
F;CM2;CONTRATO FUTURO DE MILHO COM LIQUIDACAO FINANCEIRA-CAMPINAS;CM2 
F;CN2;CONTRATO FUTURO DE MILHO LEILAO;CN2 
F;CNI;CONTRATO FUTURO DE MILHO;CNI 
F;CNL;CONTRATO FUTURO DE CAFE CONILLON;CNL 
F;CNY;CONTRATO FUTURO DE IUAN;CNY 
F;CO2;CONTRATO FUTURO DE ALGODAO LEILAO;CO2 
F;COP;CONTRATO FUTURO DE MILHO – OESTE DO PARANA;COP 
F;COT;CONTRATO FUTURO DE ALGODAO;COT 
F;CPF;CONTRATO FUTURO DE MILHO – PASSO FUNDO;CPF 
F;CPG;CONTRATO FUTURO DE MILHO - PARANAGUA;CPG 
F;CR1;CONTRATO FUTURO DE ROLAGEM DE CAFE;CR1 
F;CRV;CONTRATO FUTURO DE MILHO – RIO VERDE;CRV 
F;CTM;CONTRATO FUTURO DE MILHO – TRIANGULO MINEIRO;CTM 
F;DAP;CONTRATO FUTURO DE CUPOM DI VERSUS IPCA;DAP 
F;DDI;CONTRATO FUTURO DE CUPOM CAMBIAL;DDI 
F;DDM;CONTRATO FUTURO DE CUPOM DE DI VERSUS IGPM;DDM 
F;DI1;CONTRATO FUTURO DE DI DE 1 DIA;D1I 
F;DI2;CONTRATO FUTURO DE DI DE 1 DIA;D2I 
F;DIL;CONTRATO FUTURO DE DI LONGO;LDI 
F;DOL;CONTRATO FUTURO DE DOLAR COMERCIAL;DOL 
F;DOM;CONTRATO FUTURO DE DOLAR COMERCIAL FRACIONARIO;DOM 
F;DR1;CONTRATO FUTURO DE ROLAGEM DE DOLAR;DR1 
F;EBR;CONTRATO FUTURO DE EURO (EBR);EBR 
F;EN2;CONTRATO FUTURO DE ETANOL LEILAO;EN2 
F;ETH;CONTRATO FUTURO DE ETANOL HIDRATADO;ETH 
F;ETN;CONTRATO FUTURO DE ETANOL;ETN 
F;EUR;CONTRATO FUTURO DE EURO;EUR 
F;FRC;CONTRATO FUTURO DE FRA DE CUPOM;FRC 
F;FRG;CONTRATO FUTURO DE IGP-M - ESTRATEGIA;FRG 
F;FRI;CONTRATO FUTURO DE IPCA - ESTRATEGIA;FRI 
F;FRM;CONTRATO FUTURO DE FRA DE IGP-M;FRM 
F;FRP;CONTRATO FUTURO DE FRP - TERMO EM PONTOS;FRP 
F;GBP;CONTRATO FUTURO DE LIBRA ESTERLINA;GBP 
F;IAP;CONTRATO FUTURO DE IPCA;IAP 
F;IBV;CONTRATO FUTURO DO IBOVESPA;IBV 
F;IC2;CONTRATO FUTURO DE CAFE ARABICA LEILAO;IC2 
F;ICF;CONTRATO FUTURO DE CAFE ARABICA;ICF 
F;IGF;CONTRATO FUTURO FRACIONARIO DE IGP-M;IGF 
F;IGM;CONTRATO FUTURO DE IGP-M;IGM 
F;INF;CONTRATO FUTURO DO IBOVESPA FRACIONARIO;INF 
F;IR1;CONTRATO FUTURO DE ROLAGEM;IR1 
F;IS2;CONTRATO FUTURO DE ACUCAR LEILAO;IS2 
F;ISR;CONTRATO FUTURO DE ROLAGEM;ISR 
F;ISU;CONTRATO FUTURO DE ACUCAR;ISU 
F;JPY;CONTRATO FUTURO DE IENE;JPY 
F;MR1;CONTRATO FUTURO DE MILHO COM LIQUIDACAO FINANCEIRA (ROLAGEM);MR1 
F;MXN;CONTRATO FUTURO DE PESO MEXICANO;MXN 
F;NZD;CONTRATO FUTURO DE DOLAR DA NOVA ZELANDIA;NZD 
F;OP2;CONTRATO FUTURO DE MILHO LIQUIDACAO FINANCEIRA-OESTE PARANA;OP2 
F;OZ;CONTRATO FUTURO DE OURO DE 250 GRAMAS;OZF 
F;PG2;CONTRATO FUTURO DE MILHO COM LIQUIDACAO FINANCEIRA-PARANAGUA;PG2 
F;RV2;CONTRATO FUTURO DE MILHO COM LIQUIDACAO FINANCEIRA-RIO VERDE;RV2 
F;SFI;CONTRATO FUTURO DE SOJA COM LIQUIDACAO FINANCEIRA;SFI 
F;SJC;CONTRATO FUTURO SOJA LIQUIDACAO PELO MINI SOJA CME GROUP;SJC 
F;SO2;CONTRATO FUTURO DE SOJA 27T LEILAO;SO2 
F;SOI;CONTRATO FUTURO DE SOJA 100T;SOI 
F;SOJ;CONTRATO FUTURO DE SOJA 27T;SOJ 
F;SR1;CONTRATO FUTURO DE SOJA (ROLAGEM);SR1 
F;T10;CONTRATO FUTURO DE TREASURY NOTES 10 ANOS;T10 
F;TM2;CONTRATO FUTURO DE MILHO LIQUIDACAO FINANCEIRA-TRIANG MINEIR;TM2 
F;TRY;CONTRATO FUTURO DE LIRA TURCA;TRY 
F;WBG;CONTRATO FUTURO DE BOI GORDO WEB;WBG 
F;WCF;CONTRATO FUTURO DE CAFE ARABICA MINI;WCF 
F;WDL;CONTRATO FUTURO DE DOLAR COMERCIAL FRACIONARIO WEB;WDL 
F;WDO;CONTRATO FUTURO MINI DE DOLAR;WDO 
F;WEU;CONTRATO FUTURO MINI DE EURO;WEU 
F;WIN;CONTRATO FUTURO DE IBOVESPA FRACIONARIO WEB;WIN 
F;YBR;CONTRATO FUTURO DE IENE;YBR 
F;ZAR;CONTRATO FUTURO DE RANDE DA AFRICA DO SUL;ZAR 
M;ANB X DOF;SWAP - TAXA ANBID VERSUS DOLAR FLUTUANTE;SAF 
M;ANB X FGV1;SWAP - TAXA ANBID VERSUS FGV100;SVI 
M;ANB X IAP;TAXA ANBID VERSUS IPCA/IBGE;SAL 
M;ANB X IGD;SWAP - TAXA ANBID VERSUS IGP-DI;SAI 
M;ANB X IGM;SWAP - TAXA ANBID VERSUS IGP-M;SAM 
M;ANB X IGP;SWAP - TAXA ANBID VERSUS INDICE DE PRECOS;SAG 
M;ANB X INP;SWAP - TAXA ANBID VERSUS INPC/IBGE;SAX 
M;ANB X JPY;SWAP - TAXA ANBID VERSUS IENE;SAY 
M;ANB X OZ1;SWAP - TAXA ANBID VERSUS OURO;SAO 
M;ANB X PRE;SWAP - TAXA ANBID VERSUS TAXA PREFIXADA;SAP 
M;ANB X REU;SWAP - TAXA ANBID VERSUS EURO;SAE 
M;ANB X SB1;SWAP - TAXA ANBID VERSUS CARTEIRA DE ACOES;SAB 
M;ANB X SEL;SWAP - TAXA ANBID VERSUS TAXA SELIC;SAS 
M;BRL MOEDA;MOEDA;BRL 
M;CEPAC;CERTIFICADOS DE POTENCIAL ADICIONAL DE CONSTRUCAO;CPA 
M;CSA;CARTEIRA SELECIONADA DE ACOES;CSA 
M;DI COM AJU;CONTRATO A TERMO DE DI COM AJUSTE;ADI 
M;DI X IGPM;CONTRATO A TERMO DE CUPOM DI VERSUS IGPM;DMA 
M;DI1 X ANB;SWAP - TAXA DI DE UM DIA VERSUS TAXA ANBID;SDA 
M;DI1 X DOL;SWAP - TAXA DI DE UM DIA VERSUS DOLAR COMERCIAL;SDC 
M;DI1 X IAP;SWAP - TAXA DI DE UM DIA VERSUS IPCA/IBGE;SDL 
M;DI1 X IGD;SWAP - TAXA DI DE UM DIA VERSUS IGP-DI;SDI 
M;DI1 X IGM;SWAP - TAXA DI DE UM DIA VERSUS IGP-M;SDM 
M;DI1 X IND;SWAP - TAXA DI DE UM DIA VERSUS INDICE BOVESPA;SDN 
M;DI1 X INP;SWAP - TAXA DI DE UM DIA VERSUS INPC/IBGE;SDX 
M;DI1 X JPY;SWAP - TAXA DI DE UM DIA VERSUS IENE;SDY 
M;DI1 X OZ1;SWAP - TAXA DI DE UM DIA VERSUS OURO;SDO 
M;DI1 X PRE;SWAP - TAXA DI DE UM DIA VERSUS TAXA PREFIXADA;SDP 
M;DI1 X REU;SWAP - TAXA DI DE UM DIA VERSUS EURO;SDE 
M;DI1 X SEL;SWAP - TAXA DI DE UM DIA VERSUS TAXA SELIC;SDS 
M;DI1 X TBF;SWAP - TAXA DI DE UM DIA VERSUS - TBF;SDB 
M;DI1 X TJL;SWAP - TAXA DI DE UM DIA VERSUS TJLP;SDJ 
M;DI1 X TR;SWAP - TAXA DI DE UM DIA VERSUS TR;SDT 
M;DOF X PRE;SWAP - DOLAR FLUTUANTE VERSUS PREFIXADA;SFP 
M;DOF X SB1;SWAP - DOLAR FLUTUANTE VERSUS CARTEIRA DE ACOES 1;SFB 
M;DOF X TR;SWAP - DOLAR FLUTUANTE VERSUS TR;STF 
M;DOL X ANB;SWAP - DOLAR COMERCIAL VERSUS TAXA ANBID;SCA 
M;DOL X IAP;SWAP - DOLAR COMERCIAL VERSUS IPCA/IBGE;SCL 
M;DOL X IGD;SWAP - DOLAR COMERCIAL VERSUS IGP-DI;SCI 
M;DOL X IGM;SWAP - DOLAR COMERCIAL VERSUS IGP-M;MCS 
M;DOL X IND;SWAP - DOLAR COMERCIAL VERSUS INDICE BOVESPA;NCS 
M;DOL X INP;SWAP - DOLAR COMERCIAL VERSUS INPC/IBGE;XCS 
M;DOL X JPY;SWAP - DOLAR COMERCIAL VERSUS IENE;SCY 
M;DOL X OZ1;SWAP - DOLAR COMERCIAL VERSUS OURO;SCO 
M;DOL X PRE;SWAP - DOLAR COMERCIAL VERSUS TAXA PREFIXADA;SCP 
M;DOL X REU;SWAP - DOLAR COMERCIAL VERSUS EURO;SCE 
M;DOL X SB1;SWAP - DOLAR COMERCIAL VERSUS CARTEIRA DE ACOES;SCB 
M;DOL X TJL;SWAP - DOLAR COMERCIAL VERSUS TJLP;JCS 
M;DOL X TR;SWAP - DOLAR COMERCIAL VERSUS TR;SCT 
M;ENE;CONTRATO PADRAO DE ENERGIA ELETRICA NORDESTE DE 0,5 MW;ENE 
M;ENO;CONTRATO PADRAO DE ENERGIA ELETRICA NORTE DE 0,5 MW;ENO 
M;ESC;CONTRATO PADRAO ENERGIA ELETRICA SUDESTE/CENTRO-OESTE 0,5 MW;ESC 
M;ESU;CONTRATO PADRAO DE ENERGIA ELETRICA SUL DE 0,5 MW;ESU 
M;FGV1 X DI1;SWAP - FGV100 VERSUS TAXA DI DE UM DIA;SDV 
M;FGV1 X DOF;SWAP - FGV100 VERSUS DOLAR FLUTUANTE;SFV 
M;FGV1 X DOL;SWAP - FGV100 VERSUS DOLAR COMERCIAL;SGD 
M;FGV1 X IGP;SWAP - FGV100 VERSUS INDICE DE PRECO;SGV 
M;FGV1 X IND;SWAP - FGV100 VERSUS IBOVESPA;SNV 
M;FGV1 X OZ1;SWAP - FGV100 VERSUS OURO;SVO 
M;FGV1 X PRE;SWAP FGV100 VERSUS TAXA PREFIXADA;SVP 
M;FGV1 X SB1;SWAP - FGV100 VERSUS SB1;SVB 
M;FGV1 X SEL;SWAP - FGV100 VERSUS TAXA SELIC;SVS 
M;FGV1 X TBF;SWAP - FGV100 VERSUS TBF;SBV 
M;FGV1 X TJL;SWAP - FGV100 VERSUS TJLP;SJV 
M;FGV1 X TR;SWAP - FGV100 VERSUS TR;STV 
M;IAP X JPY;SWAP – IPCA/IBGE VERSUS IENE;SLY 
M;IAP X PRE;SWAP – IPCA/IBGE VERSUS TAXA PREFIXADA;SLP 
M;IAP X REU;SWAP – IPCA/IBGE VERSUS EURO;SLE 
M;IAP X SB1;SWAP – IPCA/IBGE VERSUS CARTEIRA DE ACOES;SLB 
M;IBR X ANB;SWAP – INDICE BRASIL VERSUS TAXA ANBID;SAR 
M;IBR X DI1;SWAP – INDICE BRASIL VERSUS TAXA DI DE UM DIA;SDR 
M;IBR X DOL;SWAP – INDICE BRASIL VERSUS DOLAR COMERCIAL;SCR 
M;IBR X IAP;SWAP – INDICE BRASIL VERSUS IPCA/IBGE;SLR 
M;IBR X IGD;SWAP – INDICE BRASIL VERSUS IGP-DI;SIR 
M;IBR X IGM;SWAP – INDICE BRASIL VERSUS IGP-M;SMR 
M;IBR X IND;SWAP – INDICE BRASIL VERSUS INDICE BOVESPA;SNR 
M;IBR X INP;SWAP – INDICE BRASIL VERSUS INPC/IBGE;SXR 
M;IBR X IPC;SWAP – INDICE BRASIL VERSUS IPC/FIPE;SFR 
M;IBR X JPY;SWAP – INDICE BRASIL VERSUS IENE;SYR 
M;IBR X OZ1;SWAP – INDICE BRASIL VERSUS OURO;SOR 
M;IBR X PRE;SWAP – INDICE BRASIL VERSUS TAXA PREFIXADA;SRP 
M;IBR X REU;SWAP – INDICE BRASIL VERSUS EURO;SER 
M;IBR X SB1;SWAP – INDICE BRASIL VERSUS CARTEIRA DE ACOES;SRB 
M;IBR X SEL;SWAP – INDICE BRASIL VERSUS TAXA SELIC;SSR 
M;IBR X TBF;SWAP – INDICE BRASIL VERSUS TBF;SBR 
M;IBR X TJL;SWAP – INDICE BRASIL VERSUS TJLP;SJR 
M;IBR X TR;SWAP – INDICE BRASIL VERSUS TR;STR 
M;IGD X IAP;SWAP - IGP-DI VERSUS IPCA/IBGE;SIL 
M;IGD X INP;SWAP - IGP-DI VERSUS INPC/IBGE;SIX 
M;IGD X IPC;SWAP - IGP-DI VERSUS IPC/FIPE VERSUS;SIF 
M;IGD X JPY;SWAP - IGP-DI VERSUS IENE;SIY 
M;IGD X OZ1;SWAP - IGP-DI VERSUS OURO;SIO 
M;IGD X PRE;SWAP - IGP-DI VERSUS TAXA PREFIXADA;SIP 
M;IGD X SB1;SWAP - IGP-DI VERSUS CARTEIRA DE ACOES;SIB 
M;IGM X IAP;SWAP - IGP-M VERSUS IPCA/IBGE;SML 
M;IGM X IGD;SWAP - IGP-M VERSUS IGP-DI;SMI 
M;IGM X INP;SWAP - IGP-M VERSUS INPC/IBGE;SMX 
M;IGM X IPC;SWAP - IGP-M VERSUS IPC/FIPE;SMF 
M;IGM X JPY;SWAP - IGP-M VERSUS IENE;SMY 
M;IGM X PRE;SWAP - IGP-M VERSUS TAXA PREFIXADA;SMP 
M;IGM X REU;SWAP - IGP-M VERSUS EURO;SME 
M;IGM X SB1;SWAP - IGP-M VERSUS CARTEIRA DE ACOES;SMB 
M;IGP X DI1;SWAP - INDICE DE PRECOS VERSUS TAXA DI DE UM DIA;SDG 
M;IGP X DOL;SWAP - INDICE DE PRECOS VERSUS DOLAR COMERCIAL;SGC 
M;IGP X OZ1;SWAP - INDICE DE PRECOS VERSUS OURO;SGO 
M;IGP X PRE;SWAP - INDICE DE PRECOS VERSUS TAXA PREFIXADA;SGP 
M;IGP X SB1;SWAP - INDICE DE PRECOS VERSUS CARTEIRA DE ACOES;SGB 
M;IGP X SEL;SWAP - INDICE DE PRECOS VERSUS TAXA SELIC;SSG 
M;IGP X TBF;SWAP - INDICE DE PRECOS VERSUS TBF;SBG 
M;IGP X TJL;SWAP - INDICE DE PRECOS VERSUS TJLP;SJG 
M;IGP X TR;SWAP - INDICE DE PRECOS VERSUS TR;STG 
M;IND X ANB;SWAP - INDICE BOVESPA VERSUS TAXA ANBID;SNA 
M;IND X DOF;SWAP - IBOVESPA VERSUS DOLAR FLUTUANTE;SNF 
M;IND X IAP;SWAP - INDICE BOVESPA VERSUS IPCA/IBGE;SNL 
M;IND X IGD;SWAP - INDICE BOVESPA VERSUS IGP-DI;SNI 
M;IND X IGM;SWAP - INDICE BOVESPA VERSUS IGP-M;SNM 
M;IND X IGP;SWAP - INDICE BOVESPA VERSUS INDICE DE PRECOS;SNG 
M;IND X INP;SWAP - INDICE BOVESPA VERSUS INPC/IBGE;SNX 
M;IND X JPY;SWAP - INDICE BOVESPA VERSUS IENE;SNY 
M;IND X OZ1;SWAP - INDICE BOVESPA VERSUS OURO;SNO 
M;IND X PRE;SWAP - INDICE BOVESPA VERSUS TAXA PREFIXADA;SNP 
M;IND X REU;SWAP - INDICE BOVESPA VERSUS EURO;SNE 
M;IND X SB1;SWAP - INDICE BOVESPA VERSUS CARTEIRA DE ACOES;SNB 
M;IND X SEL;SWAP - INDICE BOVESPA VERSUS TAXA SELIC;SNS 
M;IND X TJL;SWAP - INDICE BOVESPA VERSUS TJLP;SNJ 
M;INP X IAP;SWAP - INPC/IBGE VERSUS IPCA/IBGE;SXL 
M;INP X JPY;SWAP - INPC/IBGE VERSUS IENE;SXY 
M;INP X PRE;SWAP - INPC/IBGE VERSUS TAXA PREFIXADA;SXP 
M;INP X REU;SWAP - INPC/IBGE VERSUS EURO;SXE 
M;INP X SB1;SWAP - INPC/IBGE VERSUS CARTEIRA DE ACOES;SXB 
M;IPC X ANB;SWAP - IPC/FIPE VERSUS TAXA ANBID;SFA 
M;IPC X DI1;SWAP - IPC/FIPE VERSUS TAXA DI DE UM DIA;SFD 
M;IPC X DOL;SWAP - IPC/FIPE VERSUS DOLAR COMERCIAL;SFC 
M;IPC X IAP;SWAP - IPC/FIPE VERSUS IPCA/IBGE;SFL 
M;IPC X IND;SWAP - IPC/FIPE VERSUS INDICE BOVESPA;SFN 
M;IPC X INP;SWAP - IPC/FIPE VERSUS INPC/IBGE;SFX 
M;IPC X JPY;SWAP - IPC/FIPE VERSUS IENE;SFY 
M;IPC X OZ1;SWAP - IPC/FIPE VERSUS OURO;SFO 
M;IPC X SB1;SWAP - IPC/FIPE VERSUS CARTEIRA DE ACOES;SDD 
M;IPC X SEL;SWAP - IPC/FIPE VERSUS TAXA SELIC;SFS 
M;IPC X TBF;SWAP - IPC/FIPE VERSUS TBF;SFF 
M;IPC X TR;SWAP - IPC/FIPE VERSUS TR;SFT 
M;JPY X OZ1;SWAP – IENE VERSUS OURO;SYO 
M;JPY X PRE;SWAP – IENE VERSUS TAXA PREFIXADA;SYP 
M;JPY X REU;SWAP – IENE VERSUS EURO;SYE 
M;JPY X SB1;SWAP – IENE VERSUS CARTEIRA DE ACOES;SYB 
M;OFC BOV;OPCAO FLEXIVEL DE COMPRA DE BOVA11;FBC 
M;OFC BRAX;OPCAO FLEXIVEL DE COMPRA SOBRE BRAX11;FXC 
M;OFC BRI;OPCAO FLEXIVEL DE COMPRA DE IBRX 50;FCX 
M;OFC CSMO;OPCAO FLEXIVEL DE COMPRA SOBRE CSMO11;FCC 
M;OFC FCM;OPCAO FLEXIVEL DE COMPRA DE METAL;FCM 
M;OFC FIND;OPCAO FLEXIVEL DE COMPRA SOBRE FIND11;FFC 
M;OFC GOVE;OPCAO FLEXIVEL DE COMPRA SOBRE GOVE11;FGC 
M;OFC IBV;OPCAO FLEXIVEL DE COMPRA DE IBOVESPA;FCI 
M;OFC ISUS;OPCAO FLEXIVEL DE COMPRA SOBRE ISUS11;FIC 
M;OFC JPY;OPCAO FLEXIVEL DE COMPRA DE IENE;FCJ 
M;OFC MILA;OPCAO FLEXIVEL DE COMPRA SOBRE MILA11;FLC 
M;OFC MOBI;OPCAO FLEXIVEL DE COMPRA SOBRE MOBI11;FMC 
M;OFC OCS;OPCAO FLEXIVEL DE COMPRA SOJA FUTURO;OCS 
M;OFC REU;OPCAO FLEXIVEL DE COMPRA DE EURO;FCE 
M;OFC SMAL;OPCAO FLEXIVEL DE COMPRA SOBRE SMAL11;FSC 
M;OFC TX JUR;OPCAO DE COMPRA FLEXIVEL DE TAXA DE JUROS;FCS 
M;OFC TXCAM;OPCAO DE COMPRA FLEXIVEL DE TAXA DE CAMBIO;OFC 
M;OFV BOV;OPCAO FLEXIVEL DE VENDA DE BOVA11;FBP 
M;OFV BRAX;OPCAO FLEXIVEL DE VENDA SOBRE BRAX11;FXP 
M;OFV BRI;OPCAO FLEXIVEL DE VENDA DE IBRX 50;FPX 
M;OFV CSMO;OPCAO FLEXIVEL DE VENDA SOBRE CSMO11;FCP 
M;OFV FIND;OPCAO FLEXIVEL DE VENDA SOBRE FIND11;FFP 
M;OFV FPM;OPCAO FLEXIVEL DE VENDA DE METAL;FPM 
M;OFV GOVE;OPCAO FLEXIVEL DE VENDA SOBRE GOVE11;FGP 
M;OFV IBV;OPCAO FLEXIVEL DE VENDA DE IBOVESPA;FPI 
M;OFV ISUS;OPCAO FLEXIVEL DE VENDA SOBRE ISUS11;FIP 
M;OFV JPY;OPCAO FLEXIVEL DE VENDA DE IENE;FPJ 
M;OFV MILA;OPCAO FLEXIVEL DE VENDA SOBRE MILA11;FLP 
M;OFV MOBI;OPCAO FLEXIVEL DE VENDA SOBRE MOBI11;FMP 
M;OFV OVS;OPCAO FLEXIVEL DE VENDA SOJA FUTURO;OVS 
M;OFV REU;OPCAO FLEXIVEL DE VENDA DE EURO;FPE 
M;OFV SMAL;OPCAO FLEXIVEL DE VENDA SOBRE SMAL11;FSP 
M;OFV TX JUR;OPCAO DE VENDA FLEXIVEL DE TAXA DE JUROS;FPS 
M;OFV TXCAM;OPCAO DE VENDA FLEXIVEL DE TAXA DE CAMBIO;OFV 
M;OZ1;CONTRATO DISPONIVEL PADRAO DE OURO DE 250 GRAMAS;OZ1 
M;OZ1 X DOF;SWAP - OURO X DOLAR FLUTUANTE;SOF 
M;OZ1 X IAP;SWAP - OURO VERSUS IPCA/IBGE;SOL 
M;OZ1 X IGM;SWAP - OURO VERSUS IGP-M;SOM 
M;OZ1 X INP;SWAP - OURO VERSUS INPC/IBGE;SOX 
M;OZ1 X PRE;SWAP - OURO VERSUS TAXA PREFIXADA;SOP 
M;OZ1 X REU;SWAP - OURO VERSUS EURO;SOE 
M;OZ1 X SB1;SWAP - OURO VERSUS CARTEIRA DE ACOES;SOB 
M;OZ2;CONTRATO DISPONIVEL PADRAO DE OURO DE 10 GRAMAS;OZ2 
M;OZ3;CONTRATO DISPONIVEL PADRAO DE OURO DE 0,0225 GRAMAS;OZ3 
M;OZT;CONTRATO A TERMO DE OURO DE 250 GRAMAS;OZT 
M;PRE X IPC;SWAP - TAXA PREFIXADA VERSUS IPC/FIPE;SPF 
M;PRE X SB1;SWAP - TAXA PREFIXADA VERSUS CARTEIRA DE ACOES;SPB 
M;REC MISC;RECIBOS DE SUBSCRICAO DE MISCELANEOS;F 
M;REU X IGD;SWAP - EURO VERSUS IGP-DI;SEI 
M;REU X IPC;SWAP - EURO VERSUS IPC/FIPE;SEF 
M;REU X PRE;SWAP - EURO VERSUS TAXA PREFIXADA;SEP 
M;SB1 X DI1;SWAP - CARTEIRA DE ACOES VERSUS TAXA DI DE UM DIA;SBD 
M;SB1 X REU;SWAP - CARTEIRA DE ACOES VERSUS EURO;SEB 
M;SB1 X SB2;SWAP - CARTEIRA DE ACOES 1 VERSUS CARTEIRA DE ACOES 2;SBK 
M;SB1 X TR;SWAP - CARTEIRA DE ACOES VERSUS TR;SBT 
M;SC2 ABR;CONTRATO A TERMO DE SWAP CAMBIAL SEM AJUSTE;S2J 
M;SC2 AGO;CONTRATO A TERMO DE SWAP CAMBIAL SEM AJUSTE;S2Q 
M;SC2 DEZ;CONTRATO A TERMO DE SWAP CAMBIAL SEM AJUSTE;S2Z 
M;SC2 FEV;CONTRATO A TERMO DE SWAP CAMBIAL SEM AJUSTE;S2G 
M;SC2 JAN;CONTRATO A TERMO DE SWAP CAMBIAL SEM AJUSTE;S2F 
M;SC2 JUL;CONTRATO A TERMO DE SWAP CAMBIAL SEM AJUSTE;S2N 
M;SC2 JUN;CONTRATO A TERMO DE SWAP CAMBIAL SEM AJUSTE;S2M 
M;SC2 MAI;CONTRATO A TERMO DE SWAP CAMBIAL SEM AJUSTE;S2K 
M;SC2 MAR;CONTRATO A TERMO DE SWAP CAMBIAL SEM AJUSTE;S2H 
M;SC2 NOV;CONTRATO A TERMO DE SWAP CAMBIAL SEM AJUSTE;S2X 
M;SC2 OUT;CONTRATO A TERMO DE SWAP CAMBIAL SEM AJUSTE;S2V 
M;SC2 SET;CONTRATO A TERMO DE SWAP CAMBIAL SEM AJUSTE;S2U 
M;SC3 ABR;CONTRATO A TERMO DE SWAP CAMBIAL MINI COM AJUSTE;S3J 
M;SC3 AGO;CONTRATO A TERMO DE SWAP CAMBIAL MINI COM AJUSTE;S3Q 
M;SC3 DEZ;CONTRATO A TERMO DE SWAP CAMBIAL MINI COM AJUSTE;S3Z 
M;SC3 FEV;CONTRATO A TERMO DE SWAP CAMBIAL MINI COM AJUSTE;S3G 
M;SC3 JAN;CONTRATO A TERMO DE SWAP CAMBIAL MINI COM AJUSTE;S3F 
M;SC3 JUL;CONTRATO A TERMO DE SWAP CAMBIAL MINI COM AJUSTE;S3N 
M;SC3 JUN;CONTRATO A TERMO DE SWAP CAMBIAL MINI COM AJUSTE;S3M 
M;SC3 MAI;CONTRATO A TERMO DE SWAP CAMBIAL MINI COM AJUSTE;S3K 
M;SC3 MAR;CONTRATO A TERMO DE SWAP CAMBIAL MINI COM AJUSTE;S3H 
M;SC3 NOV;CONTRATO A TERMO DE SWAP CAMBIAL MINI COM AJUSTE;S3X 
M;SC3 OUT;CONTRATO A TERMO DE SWAP CAMBIAL MINI COM AJUSTE;S3V 
M;SC3 SET;CONTRATO A TERMO DE SWAP CAMBIAL MINI COM AJUSTE;S3U 
M;SCC ABR;CONTRATO A TERMO DE SWAP CAMBIAL COM AJUSTE;SCJ 
M;SCC AGO;CONTRATO A TERMO DE SWAP CAMBIAL COM AJUSTE;SCQ 
M;SCC DEZ;CONTRATO A TERMO DE SWAP CAMBIAL COM AJUSTE;SCZ 
M;SCC FEV;CONTRATO A TERMO DE SWAP CAMBIAL COM AJUSTE;SCG 
M;SCC JAN;CONTRATO A TERMO DE SWAP CAMBIAL COM AJUSTE;SCF 
M;SCC JUL;CONTRATO A TERMO DE SWAP CAMBIAL COM AJUSTE;SCN 
M;SCC JUN;CONTRATO A TERMO DE SWAP CAMBIAL COM AJUSTE;SCM 
M;SCC MAI;CONTRATO A TERMO DE SWAP CAMBIAL COM AJUSTE;SCK 
M;SCC MAR;CONTRATO A TERMO DE SWAP CAMBIAL COM AJUSTE;SCH 
M;SCC NOV;CONTRATO A TERMO DE SWAP CAMBIAL COM AJUSTE;SCX 
M;SCC OUT;CONTRATO A TERMO DE SWAP CAMBIAL COM AJUSTE;SCV 
M;SCC SET;CONTRATO A TERMO DE SWAP CAMBIAL COM AJUSTE;SCU 
M;SEL X DOF;SWAP - TAXA SELIC VERSUS DOLAR FLUTUANTE;SSF 
M;SEL X DOL;SWAP - TAXA SELIC VERSUS DOLAR COMERCIAL;SSC 
M;SEL X IAP;SWAP - TAXA SELIC VERSUS IPCA/IBGE;SSL 
M;SEL X IGD;SWAP - TAXA SELIC VERSUS IGP-DI;SSI 
M;SEL X IGM;SWAP - TAXA SELIC VERSUS IGP-M;SSM 
M;SEL X INP;SWAP - TAXA SELIC VERSUS INPC/IBGE;SSX 
M;SEL X JPY;SWAP - TAXA SELIC VERSUS IENE;SSY 
M;SEL X OZ1;SWAP - TAXA SELIC VERSUS OURO;SSO 
M;SEL X PRE;SWAP - TAXA SELIC VERSUS TAXA PREFIXADA;SSP 
M;SEL X REU;SWAP - TAXA SELIC VERSUS EURO;SSE 
M;SEL X SB1;SWAP - TAXA SELIC VERSUS CARTEIRA DE ACOES;SSB 
M;SEL X TR;SWAP - TAXA SELIC VERSUS TR;SST 
M;TBF X ANB;SWAP - TBF VERSUS TAXA ANBID;SBA 
M;TBF X DOF;SWAP - TBF VERSUS DOLAR FLUTUANTE;SBF 
M;TBF X DOL;SWAP - TBF VERSUS DOLAR COMERCIAL;SBC 
M;TBF X IAP;SWAP - TBF VERSUS IPCA/IBGE;SBL 
M;TBF X IGD;SWAP - TBF VERSUS IGP-DI;SBI 
M;TBF X IGM;SWAP - TBF VERSUS IGP-M;SBM 
M;TBF X IND;SWAP - TBF VERSUS INDICE BOVESPA;SBN 
M;TBF X INP;SWAP - TBF VERSUS INPC/IBGE;SBX 
M;TBF X JPY;SWAP - TBF VERSUS IENE;SBY 
M;TBF X OZ1;SWAP - TBF VERSUS OURO;SBO 
M;TBF X PRE;SWAP - TBF VERSUS TAXA PREFIXADA;SBP 
M;TBF X REU;SWAP - TBF VERSUS EURO;SBE 
M;TBF X SB1;SWAP - TBF VERSUS CARTEIRA DE ACOES;SBB 
M;TBF X SEL;SWAP - TBF VERSUS TAXA SELIC;SBS 
M;TBF X TJL;SWAP - TBF VERSUS TJLP;SBJ 
M;TERMO D M1;TERMO EM DOLAR DE MISCELANEAS;TUY 
M;TERMO F M1;TERMO FLEXIVEL DE MISCELANEAS;TSY 
M;TERMO N M1;TERMO NORMAL DE MISCELANEAS;TNY 
M;TJL X ANB;SWAP - TJLP VERSUS TAXA ANBID;SJA 
M;TJL X IAP;SWAP - TJLP VERSUS IPCA/IBGE;SJL 
M;TJL X IGD;SWAP - TJLP VERSUS IGP-DI;SJI 
M;TJL X IGM;SWAP - TJLP VERSUS IGP-M;SJM 
M;TJL X INP;SWAP - TJLP VERSUS INPC/IBGE;SJX 
M;TJL X IPC;SWAP - TJLP VERSUS IPC/FIPE;SJF 
M;TJL X JPY;SWAP - TJLP VERSUS IENE;SJY 
M;TJL X OZ1;SWAP - TJLP VERSUS OURO;SJO 
M;TJL X PRE;SWAP - TJLP VERSUS TAXA PREFIXADA;SJP 
M;TJL X REU;SWAP - TJLP VERSUS EURO;SJE 
M;TJL X SB1;SWAP - TJLP VERSUS CARTEIRA DE ACOES;SJB 
M;TJL X SEL;SWAP - TJLP VERSUS TAXA SELIC;SJS 
M;TMC;CONTRATO A TERMO DE TAXA DE CAMBIO;TMC 
M;TMM;TERMO DE METAL;TMM 
M;TMS;CONTRATO A TERMO DE MOEDA SEM GARANTIA;TMS 
M;TPR;TITULOS PERPETUOS DE REMUNERACAO VARIAVEL BASEADA ROYALTIES;TRV 
M;TR X ANB;SWAP - TR VERSUS TAXA ANBID;STA 
M;TR X IAP;SWAP - TR VERSUS IPCA/IBGE;STL 
M;TR X IGD;SWAP - TR VERSUS IGP-DI;STI 
M;TR X IGM;SWAP - TR VERSUS IGP-M;STM 
M;TR X IND;SWAP - TR VERSUS INDICE BOVESPA;STN 
M;TR X INP;SWAP - TR VERSUS INPC/IBGE;STX 
M;TR X JPY;SWAP - TR VERSUS IENE;STY 
M;TR X OZ1;SWAP - TR VERSUS OURO;STO 
M;TR X PRE;SWAP - TR VERSUS TAXA PREFIXADA;STP 
M;TR X REU;SWAP - TR VERSUS EURO;STE 
M;TR X TBF;SWAP - TR VERSUS TBF;STB 
M;TR X TJL;SWAP - TR VERSUS TJLP;STJ 
M;UNITS;UNITS;UNT 
M;WOZ;CONTRATO DISPONIVEL FRACIONARIO DE OURO;WOZ 
O;OPC ALA;OPCAO DE COMPRA SOBRE CONTRATO FUTURO DE ALCOOL;CAL 
O;OPC BG ABR;OPCAO DE COMPRA SOBRE CONTRATO FUTURO DE BOI GORDO;CBJ 
O;OPC BG AGO;OPCAO DE COMPRA SOBRE CONTRATO FUTURO DE BOI GORDO;CBQ 
O;OPC BG DEZ;OPCAO DE COMPRA SOBRE CONTRATO FUTURO DE BOI GORDO;CBZ 
O;OPC BG FEV;OPCAO DE COMPRA SOBRE CONTRATO FUTURO DE BOI GORDO;CBG 
O;OPC BG JAN;OPCAO DE COMPRA SOBRE CONTRATO FUTURO DE BOI GORDO;CBF 
O;OPC BG JUL;OPCAO DE COMPRA SOBRE CONTRATO FUTURO DE BOI GORDO;CBN 
O;OPC BG JUN;OPCAO DE COMPRA SOBRE CONTRATO FUTURO DE BOI GORDO;CBM 
O;OPC BG MAI;OPCAO DE COMPRA SOBRE CONTRATO FUTURO DE BOI GORDO;CBK 
O;OPC BG MAR;OPCAO DE COMPRA SOBRE CONTRATO FUTURO DE BOI GORDO;CBH 
O;OPC BG NOV;OPCAO DE COMPRA SOBRE CONTRATO FUTURO DE BOI GORDO;CBX 
O;OPC BG OUT;OPCAO DE COMPRA SOBRE CONTRATO FUTURO DE BOI GORDO;CBV 
O;OPC BG SET;OPCAO DE COMPRA SOBRE CONTRATO FUTURO DE BOI GORDO;CBU 
O;OPC CF ABR;OPCAO DE COMPRA SOBRE CONTRATO FUTURO DE CAFE ARABICA;CCJ 
O;OPC CF AGO;OPCAO DE COMPRA SOBRE CONTRATO FUTURO DE CAFE ARABICA;CCQ 
O;OPC CF DEZ;OPCAO DE COMPRA SOBRE CONTRATO FUTURO DE CAFE ARABICA;CCZ 
O;OPC CF FEV;OPCAO DE COMPRA SOBRE CONTRATO FUTURO DE CAFE ARABICA;CCG 
O;OPC CF JAN;OPCAO DE COMPRA SOBRE CONTRATO FUTURO DE CAFE ARABICA;CCF 
O;OPC CF JUL;OPCAO DE COMPRA SOBRE CONTRATO FUTURO DE CAFE ARABICA;CCN 
O;OPC CF JUN;OPCAO DE COMPRA SOBRE CONTRATO FUTURO DE CAFE ARABICA;CCM 
O;OPC CF MAI;OPCAO DE COMPRA SOBRE CONTRATO FUTURO DE CAFE ARABICA;CCK 
O;OPC CF MAR;OPCAO DE COMPRA SOBRE CONTRATO FUTURO DE CAFE ARABICA;CCH 
O;OPC CF NOV;OPCAO DE COMPRA SOBRE CONTRATO FUTURO DE CAFE ARABICA;CCX 
O;OPC CF OUT;OPCAO DE COMPRA SOBRE CONTRATO FUTURO DE CAFE ARABICA;CCV 
O;OPC CF SET;OPCAO DE COMPRA SOBRE CONTRATO FUTURO DE CAFE ARABICA;CCU 
O;OPC CNI;OPCAO DE COMPRA SOBRE CONTRATO FUTURO DE MILHO;CMI 
O;OPC CNL;OPCAO DE COMPRA SOBRE CONTRATO FUTURO DE CAFE CONILLON;CCL 
O;OPC CT;OPCAO DE COMPRA SOBRE CONTRATO FUTURO DE ALGODAO;CCT 
O;OPC DI 1;OPCAO DE COMPRA SOBRE CONTRATO FUTURO DE DI DE UM DIA SER 1;CD1 
O;OPC DI 2;OPCAO DE COMPRA SOBRE CONTRATO FUTURO DE DI DE UM DIA SER 2;CD2 
O;OPC DI 3;OPCAO DE COMPRA SOBRE CONTRATO FUTURO DE DI DE UM DIA SER 3;CD3 
O;OPC DI 4;OPCAO DE COMPRA SOBRE CONTRATO FUTURO DE DI DE UM DIA SER 4;CI4 
O;OPC DI 5;OPCAO DE COMPRA SOBRE CONTRATO FUTURO DE DI DE UM DIA SER 5;CI5 
O;OPC DI 6;OPCAO DE COMPRA SOBRE CONTRATO FUTURO DE DI DE UM DIA SER 6;CI6 
O;OPC DI 7;OPCAO DE COMPRA SOBRE CONTRATO FUTURO DE DI DE UM DIA SER 7;CI7 
O;OPC DL ABR;OPCAO DE COMPRA SOBRE CONTRATO DE DOLAR COMERCIAL;CDJ 
O;OPC DL AGO;OPCAO DE COMPRA SOBRE CONTRATO DE DOLAR COMERCIAL;CDQ 
O;OPC DL DEZ;OPCAO DE COMPRA SOBRE CONTRATO DE DOLAR COMERCIAL;CDZ 
O;OPC DL FEV;OPCAO DE COMPRA SOBRE CONTRATO DE DOLAR COMERCIAL;CDG 
O;OPC DL JAN;OPCAO DE COMPRA SOBRE CONTRATO DE DOLAR COMERCIAL;CDF 
O;OPC DL JUL;OPCAO DE COMPRA SOBRE CONTRATO DE DOLAR COMERCIAL;CDN 
O;OPC DL JUN;OPCAO DE COMPRA SOBRE CONTRATO DE DOLAR COMERCIAL;CDM 
O;OPC DL MAI;OPCAO DE COMPRA SOBRE CONTRATO DE DOLAR COMERCIAL;CDK 
O;OPC DL MAR;OPCAO DE COMPRA SOBRE CONTRATO DE DOLAR COMERCIAL;CDH 
O;OPC DL NOV;OPCAO DE COMPRA SOBRE CONTRATO DE DOLAR COMERCIAL;CDX 
O;OPC DL OUT;OPCAO DE COMPRA SOBRE CONTRATO DE DOLAR COMERCIAL;CDV 
O;OPC DL SET;OPCAO DE COMPRA SOBRE CONTRATO DE DOLAR COMERCIAL;CDU 
O;OPC DLA;OPCAO DE COMPRA COM AJUSTE DE DOLAR;CDL 
O;OPC ETH;OPCAO DE COMPRA SOBRE CONTRATO FUTURO DE ETANOL HIDRATADO;CET 
O;OPC ID ABR;OPCAO DE COMPRA SOBRE INDICE IDI;CIJ 
O;OPC ID AGO;OPCAO DE COMPRA SOBRE INDICE IDI;CIQ 
O;OPC ID DEZ;OPCAO DE COMPRA SOBRE INDICE IDI;CIZ 
O;OPC ID FEV;OPCAO DE COMPRA SOBRE INDICE IDI;CIG 
O;OPC ID JAN;OPCAO DE COMPRA SOBRE INDICE IDI;CIF 
O;OPC ID JUL;OPCAO DE COMPRA SOBRE INDICE IDI;CIN 
O;OPC ID JUN;OPCAO DE COMPRA SOBRE INDICE IDI;CIM 
O;OPC ID MAI;OPCAO DE COMPRA SOBRE INDICE IDI;CIK 
O;OPC ID MAR;OPCAO DE COMPRA SOBRE INDICE IDI;CIH 
O;OPC ID NOV;OPCAO DE COMPRA SOBRE INDICE IDI;CIX 
O;OPC ID OUT;OPCAO DE COMPRA SOBRE INDICE IDI;CIV 
O;OPC ID SET;OPCAO DE COMPRA SOBRE INDICE IDI;CIU 
O;OPC ISU;OPCAO DE COMPRA SOBRE CONTRATO FUTURO DE ACUCAR;CIS 
O;OPC M1 ABR;OPCAO DE COMPRA;9D 
O;OPC M1 AGO;OPCAO DE COMPRA;9H 
O;OPC M1 DEZ;OPCAO DE COMPRA;9L 
O;OPC M1 FEV;OPCAO DE COMPRA;9B 
O;OPC M1 JAN;OPCAO DE COMPRA;9A 
O;OPC M1 JUL;OPCAO DE COMPRA;9G 
O;OPC M1 JUN;OPCAO DE COMPRA;9F 
O;OPC M1 MAI;OPCAO DE COMPRA;9E 
O;OPC M1 MAR;OPCAO DE COMPRA;9C 
O;OPC M1 NOV;OPCAO DE COMPRA;9K 
O;OPC M1 OUT;OPCAO DE COMPRA;9J 
O;OPC M1 SET;OPCAO DE COMPRA;9I 
O;OPC OR ABR;OPCAO DE COMPRA DE ACOES ORDINARIAS;3D 
O;OPC OR AGO;OPCAO DE COMPRA DE ACOES ORDINARIAS;3H 
O;OPC OR DEZ;OPCAO DE COMPRA DE ACOES ORDINARIAS;3L 
O;OPC OR FEV;OPCAO DE COMPRA DE ACOES ORDINARIAS;3B 
O;OPC OR JAN;OPCAO DE COMPRA DE ACOES ORDINARIAS;3A 
O;OPC OR JUL;OPCAO DE COMPRA DE ACOES ORDINARIAS;3G 
O;OPC OR JUN;OPCAO DE COMPRA DE ACOES ORDINARIAS;3F 
O;OPC OR MAI;OPCAO DE COMPRA DE ACOES ORDINARIAS;3E 
O;OPC OR MAR;OPCAO DE COMPRA DE ACOES ORDINARIAS;3C 
O;OPC OR NOV;OPCAO DE COMPRA DE ACOES ORDINARIAS;3K 
O;OPC OR OUT;OPCAO DE COMPRA DE ACOES ORDINARIAS;3J 
O;OPC OR SET;OPCAO DE COMPRA DE ACOES ORDINARIAS;3I 
O;OPC OZ ABR;OPCAO DE COMPRA SOBRE CONTRATO DE OURO DE 250G;COJ 
O;OPC OZ AGO;OPCAO DE COMPRA SOBRE CONTRATO DE OURO DE 250G;COQ 
O;OPC OZ DEZ;OPCAO DE COMPRA SOBRE CONTRATO DE OURO DE 250G;COZ 
O;OPC OZ FEV;OPCAO DE COMPRA SOBRE CONTRATO DE OURO DE 250G;COG 
O;OPC OZ JAN;OPCAO DE COMPRA SOBRE CONTRATO DE OURO DE 250G;COF 
O;OPC OZ JUL;OPCAO DE COMPRA SOBRE CONTRATO DE OURO DE 250G;CON 
O;OPC OZ JUN;OPCAO DE COMPRA SOBRE CONTRATO DE OURO DE 250G;COM 
O;OPC OZ MAI;OPCAO DE COMPRA SOBRE CONTRATO DE OURO DE 250G;COK 
O;OPC OZ MAR;OPCAO DE COMPRA SOBRE CONTRATO DE OURO DE 250G;COH 
O;OPC OZ NOV;OPCAO DE COMPRA SOBRE CONTRATO DE OURO DE 250G;COX 
O;OPC OZ OUT;OPCAO DE COMPRA SOBRE CONTRATO DE OURO DE 250G;COV 
O;OPC OZ SET;OPCAO DE COMPRA SOBRE CONTRATO DE OURO DE 250G;COU 
O;OPC PA ABR;OPCAO DE COMPRA DE ACOES PREFERENCIAIS CLASSE A;5D 
O;OPC PA AGO;OPCAO DE COMPRA DE ACOES PREFERENCIAIS CLASSE A;5H 
O;OPC PA DEZ;OPCAO DE COMPRA DE ACOES PREFERENCIAIS CLASSE A;5L 
O;OPC PA FEV;OPCAO DE COMPRA DE ACOES PREFERENCIAIS CLASSE A;5B 
O;OPC PA JAN;OPCAO DE COMPRA DE ACOES PREFERENCIAIS CLASSE A;5A 
O;OPC PA JUL;OPCAO DE COMPRA DE ACOES PREFERENCIAIS CLASSE A;5G 
O;OPC PA JUN;OPCAO DE COMPRA DE ACOES PREFERENCIAIS CLASSE A;5F 
O;OPC PA MAI;OPCAO DE COMPRA DE ACOES PREFERENCIAIS CLASSE A;5E 
O;OPC PA MAR;OPCAO DE COMPRA DE ACOES PREFERENCIAIS CLASSE A;5C 
O;OPC PA NOV;OPCAO DE COMPRA DE ACOES PREFERENCIAIS CLASSE A;5K 
O;OPC PA OUT;OPCAO DE COMPRA DE ACOES PREFERENCIAIS CLASSE A;5J 
O;OPC PA SET;OPCAO DE COMPRA DE ACOES PREFERENCIAIS CLASSE A;5I 
O;OPC PB ABR;OPCAO DE COMPRA DE ACOES PREFERENCIAIS CLASSE B;6D 
O;OPC PB AGO;OPCAO DE COMPRA DE ACOES PREFERENCIAIS CLASSE B;6H 
O;OPC PB DEZ;OPCAO DE COMPRA DE ACOES PREFERENCIAIS CLASSE B;6L 
O;OPC PB FEV;OPCAO DE COMPRA DE ACOES PREFERENCIAIS CLASSE B;6B 
O;OPC PB JAN;OPCAO DE COMPRA DE ACOES PREFERENCIAIS CLASSE B;6A 
O;OPC PB JUL;OPCAO DE COMPRA DE ACOES PREFERENCIAIS CLASSE B;6G 
O;OPC PB JUN;OPCAO DE COMPRA DE ACOES PREFERENCIAIS CLASSE B;6F 
O;OPC PB MAI;OPCAO DE COMPRA DE ACOES PREFERENCIAIS CLASSE B;6E 
O;OPC PB MAR;OPCAO DE COMPRA DE ACOES PREFERENCIAIS CLASSE B;6C 
O;OPC PB NOV;OPCAO DE COMPRA DE ACOES PREFERENCIAIS CLASSE B;6K 
O;OPC PB OUT;OPCAO DE COMPRA DE ACOES PREFERENCIAIS CLASSE B;6J 
O;OPC PB SET;OPCAO DE COMPRA DE ACOES PREFERENCIAIS CLASSE B;6I 
O;OPC PC ABR;OPCAO DE COMPRA DE ACOES PREFERENCIAIS CLASSE C;7D 
O;OPC PC AGO;OPCAO DE COMPRA DE ACOES PREFERENCIAIS CLASSE C;7H 
O;OPC PC DEZ;OPCAO DE COMPRA DE ACOES PREFERENCIAIS CLASSE C;7L 
O;OPC PC FEV;OPCAO DE COMPRA DE ACOES PREFERENCIAIS CLASSE C;7B 
O;OPC PC JAN;OPCAO DE COMPRA DE ACOES PREFERENCIAIS CLASSE C;7A 
O;OPC PC JUL;OPCAO DE COMPRA DE ACOES PREFERENCIAIS CLASSE C;7G 
O;OPC PC JUN;OPCAO DE COMPRA DE ACOES PREFERENCIAIS CLASSE C;7F 
O;OPC PC MAI;OPCAO DE COMPRA DE ACOES PREFERENCIAIS CLASSE C;7E 
O;OPC PC MAR;OPCAO DE COMPRA DE ACOES PREFERENCIAIS CLASSE C;7C 
O;OPC PC NOV;OPCAO DE COMPRA DE ACOES PREFERENCIAIS CLASSE C;7K 
O;OPC PC OUT;OPCAO DE COMPRA DE ACOES PREFERENCIAIS CLASSE C;7J 
O;OPC PC SET;OPCAO DE COMPRA DE ACOES PREFERENCIAIS CLASSE C;7I 
O;OPC PD ABR;OPCAO DE COMPRA DE ACOES PREFERENCIAIS CLASSE D;8D 
O;OPC PD AGO;OPCAO DE COMPRA DE ACOES PREFERENCIAIS CLASSE D;8H 
O;OPC PD DEZ;OPCAO DE COMPRA DE ACOES PREFERENCIAIS CLASSE D;8L 
O;OPC PD FEV;OPCAO DE COMPRA DE ACOES PREFERENCIAIS CLASSE D;8B 
O;OPC PD JAN;OPCAO DE COMPRA DE ACOES PREFERENCIAIS CLASSE D;8A 
O;OPC PD JUL;OPCAO DE COMPRA DE ACOES PREFERENCIAIS CLASSE D;8G 
O;OPC PD JUN;OPCAO DE COMPRA DE ACOES PREFERENCIAIS CLASSE D;8F 
O;OPC PD MAI;OPCAO DE COMPRA DE ACOES PREFERENCIAIS CLASSE D;8E 
O;OPC PD MAR;OPCAO DE COMPRA DE ACOES PREFERENCIAIS CLASSE D;8C 
O;OPC PD NOV;OPCAO DE COMPRA DE ACOES PREFERENCIAIS CLASSE D;8K 
O;OPC PD OUT;OPCAO DE COMPRA DE ACOES PREFERENCIAIS CLASSE D;8J 
O;OPC PD SET;OPCAO DE COMPRA DE ACOES PREFERENCIAIS CLASSE D;8I 
O;OPC PR ABR;OPCAO DE COMPRA DE ACOES PREFERENCIAIS;4D 
O;OPC PR AGO;OPCAO DE COMPRA DE ACOES PREFERENCIAIS;4H 
O;OPC PR DEZ;OPCAO DE COMPRA DE ACOES PREFERENCIAIS;4L 
O;OPC PR FEV;OPCAO DE COMPRA DE ACOES PREFERENCIAIS;4B 
O;OPC PR JAN;OPCAO DE COMPRA DE ACOES PREFERENCIAIS;4A 
O;OPC PR JUL;OPCAO DE COMPRA DE ACOES PREFERENCIAIS;4G 
O;OPC PR JUN;OPCAO DE COMPRA DE ACOES PREFERENCIAIS;4F 
O;OPC PR MAI;OPCAO DE COMPRA DE ACOES PREFERENCIAIS;4E 
O;OPC PR MAR;OPCAO DE COMPRA DE ACOES PREFERENCIAIS;4C 
O;OPC PR NOV;OPCAO DE COMPRA DE ACOES PREFERENCIAIS;4K 
O;OPC PR OUT;OPCAO DE COMPRA DE ACOES PREFERENCIAIS;4J 
O;OPC PR SET;OPCAO DE COMPRA DE ACOES PREFERENCIAIS;4I 
O;OPC SFI;OPCAO DE COMPRA SOBRE CONTRATO FUTURO DE SOJA COM LIQ FINANC;CSF 
O;OPC SOJ;OPCAO DE COMPRA SOBRE CONTRATO FUTURO DE SOJA 27T;CSJ 
O;OPC VCA;VOLATILIDADE DE OPCAO DE COMPRA COM AJUSTE DE DOLAR;CVA 
O;OPC VF1;OPCAO DE COMPRA SOBRE FUTURO VOLATILIDADE TAXA JURO FOWARD 1;CF1 
O;OPC VF2;OPCAO DE COMPRA SOBRE FUTURO VOLATILIDADE TAXA JURO FOWARD 2;CF2 
O;OPC VF3;OPCAO DE COMPRA SOBRE FUTURO VOLATILIDADE TAXA JURO FOWARD 3;CF3 
O;OPC VF4;OPCAO DE COMPRA SOBRE FUTURO VOLATILIDADE TAXA JURO FOWARD 4;CF4 
O;OPC VF5;OPCAO DE COMPRA SOBRE FUTURO VOLATILIDADE TAXA JURO FOWARD 5;CF5 
O;OPC VF6;OPCAO DE COMPRA SOBRE FUTURO VOLATILIDADE TAXA JURO FOWARD 6;CF6 
O;OPC VF7;OPCAO DE COMPRA SOBRE FUTURO VOLATILIDADE TAXA JURO FOWARD 7;CF7 
O;OPC VID;OPCAO DE COMPRA SOBRE CONTRATO VOLATILIDADE TAXA JURO SPOT;CVI 
O;OPC VTC;OPCAO DE COMPRA SOBRE CONTRATO DE VOLATILIDADE TAXA CAMBIO;CVT 
O;OPC VTC 1;OPCAO DE COMPRA SOBRE CONTRATO DE VOLATILIDADE TAXA CAMBIO;CV 
O;OPF C CCM;OPCAO DE COMPRA SOBRE CONTRATO FUTURO DE MILHO – LIQ FINANC;OCM 
O;OPF C DOL;OPCAO DE COMPRA SOBRE CONTRATO FUTURO DE DOLAR COMERCIAL;CD 
O;OPF C IBV;OPCAO SOBRE CONTRATO FUTURO DO IBOVESPA;CIB 
O;OPF C IBV1;OPCAO DE COMPRA SOBRE CONTRATO FUTURO DO IBOVESPA;CB 
O;OPF C VOI;OPCAO DE COMPRA SOBRE CONTRATO FUTURO VOLATILIDADE IBOVESPA;CVO 
O;OPF C VOI1;OPCAO DE COMPRA SOBRE CONTRATO FUTURO VOLATILIDADE IBOVESPA;VO 
O;OPF V CCM;OPCAO DE VENDA SOBRE CONTRATO FUTURO DE MILHO – LIQ FINANC;OVM 
O;OPF V DOL;OPCAO DE VENDA SOBRE CONTRATO FUTURO DE DOLAR COMERCIAL;VD 
O;OPF V IBV;OPCAO SOBRE CONTRATO FUTURO DO IBOVESPA;VIB 
O;OPF V IBV1;OPCAO DE VENDA SOBRE CONTRATO FUTURO DO IBOVESPA;VB 
O;OPF V VOI;OPCAO DE VENDA SOBRE CONTRATO FUTURO VOLATILIDADE IBOVESPA;VVO 
O;OPF V VOI1;OPCAO DE VENDA SOBRE CONTRATO FUTURO VOLATILIDADE IBOVESPA;VO 
O;OPV ALA;OPCAO DE VENDA SOBRE CONTRATO FUTURO DE ALCOOL;VAL 
O;OPV BG ABR;OPCAO DE VENDA SOBRE CONTRATO FUTURO DE BOI GORDO;VBJ 
O;OPV BG AGO;OPCAO DE VENDA SOBRE CONTRATO FUTURO DE BOI GORDO;VBQ 
O;OPV BG DEZ;OPCAO DE VENDA SOBRE CONTRATO FUTURO DE BOI GORDO;VBZ 
O;OPV BG FEV;OPCAO DE VENDA SOBRE CONTRATO FUTURO DE BOI GORDO;VBG 
O;OPV BG JAN;OPCAO DE VENDA SOBRE CONTRATO FUTURO DE BOI GORDO;VBF 
O;OPV BG JUL;OPCAO DE VENDA SOBRE CONTRATO FUTURO DE BOI GORDO;VBN 
O;OPV BG JUN;OPCAO DE VENDA SOBRE CONTRATO FUTURO DE BOI GORDO;VBM 
O;OPV BG MAI;OPCAO DE VENDA SOBRE CONTRATO FUTURO DE BOI GORDO;VBK 
O;OPV BG MAR;OPCAO DE VENDA SOBRE CONTRATO FUTURO DE BOI GORDO;VBH 
O;OPV BG NOV;OPCAO DE VENDA SOBRE CONTRATO FUTURO DE BOI GORDO;VBX 
O;OPV BG OUT;OPCAO DE VENDA SOBRE CONTRATO FUTURO DE BOI GORDO;VBV 
O;OPV BG SET;OPCAO DE VENDA SOBRE CONTRATO FUTURO DE BOI GORDO;VBU 
O;OPV CF ABR;OPCAO DE VENDA SOBRE CONTRATO FUTURO DE CAFE ARABICA;VCJ 
O;OPV CF AGO;OPCAO DE VENDA SOBRE CONTRATO FUTURO DE CAFE ARABICA;VCQ 
O;OPV CF DEZ;OPCAO DE VENDA SOBRE CONTRATO FUTURO DE CAFE ARABICA;VCZ 
O;OPV CF FEV;OPCAO DE VENDA SOBRE CONTRATO FUTURO DE CAFE ARABICA;VCG 
O;OPV CF JAN;OPCAO DE VENDA SOBRE CONTRATO FUTURO DE CAFE ARABICA;VCF 
O;OPV CF JUL;OPCAO DE VENDA SOBRE CONTRATO FUTURO DE CAFE ARABICA;VCN 
O;OPV CF JUN;OPCAO DE VENDA SOBRE CONTRATO FUTURO DE CAFE ARABICA;VCM 
O;OPV CF MAI;OPCAO DE VENDA SOBRE CONTRATO FUTURO DE CAFE ARABICA;VCK 
O;OPV CF MAR;OPCAO DE VENDA SOBRE CONTRATO FUTURO DE CAFE ARABICA;VCH 
O;OPV CF NOV;OPCAO DE VENDA SOBRE CONTRATO FUTURO DE CAFE ARABICA;VCX 
O;OPV CF OUT;OPCAO DE VENDA SOBRE CONTRATO FUTURO DE CAFE ARABICA;VCV 
O;OPV CF SET;OPCAO DE VENDA SOBRE CONTRATO FUTURO DE CAFE ARABICA;VCU 
O;OPV CNI;OPCAO DE VENDA SOBRE CONTRATO FUTURO DE MILHO;VMI 
O;OPV CNL;OPCAO DE VENDA SOBRE CONTRATO FUTURO DE CAFE CONILLON;VCL 
O;OPV CT;OPCAO DE VENDA SOBRE CONTRATO FUTURO DE ALGODAO;VCT 
O;OPV DI 1;OPCAO DE VENDA SOBRE CONTRATO FUTURO DE DI DE UM DIA SER 1;VD1 
O;OPV DI 2;OPCAO DE VENDA SOBRE CONTRATO FUTURO DE DI DE UM DIA SER 2;VD2 
O;OPV DI 3;OPCAO DE VENDA SOBRE CONTRATO FUTURO DE DI DE UM DIA SER 3;VD3 
O;OPV DI 4;OPCAO DE VENDA SOBRE CONTRATO FUTURO DE DI DE UM DIA SER 4;VI4 
O;OPV DI 5;OPCAO DE VENDA SOBRE CONTRATO FUTURO DE DI DE UM DIA SER 5;VI5 
O;OPV DI 6;OPCAO DE VENDA SOBRE CONTRATO FUTURO DE DI DE UM DIA SER 6;VI6 
O;OPV DI 7;OPCAO DE VENDA SOBRE CONTRATO FUTURO DE DI DE UM DIA SER 7;VI7 
O;OPV DL ABR;OPCAO DE VENDA SOBRE CONTRATO DE DOLAR COMERCIAL;VDJ 
O;OPV DL AGO;OPCAO DE VENDA SOBRE CONTRATO DE DOLAR COMERCIAL;VDQ 
O;OPV DL DEZ;OPCAO DE VENDA SOBRE CONTRATO DE DOLAR COMERCIAL;VDZ 
O;OPV DL FEV;OPCAO DE VENDA SOBRE CONTRATO DE DOLAR COMERCIAL;VDG 
O;OPV DL JAN;OPCAO DE VENDA SOBRE CONTRATO DE DOLAR COMERCIAL;VDF 
O;OPV DL JUL;OPCAO DE VENDA SOBRE CONTRATO DE DOLAR COMERCIAL;VDN 
O;OPV DL JUN;OPCAO DE VENDA SOBRE CONTRATO DE DOLAR COMERCIAL;VDM 
O;OPV DL MAI;OPCAO DE VENDA SOBRE CONTRATO DE DOLAR COMERCIAL;VDK 
O;OPV DL MAR;OPCAO DE VENDA SOBRE CONTRATO DE DOLAR COMERCIAL;VDH 
O;OPV DL NOV;OPCAO DE VENDA SOBRE CONTRATO DE DOLAR COMERCIAL;VDX 
O;OPV DL OUT;OPCAO DE VENDA SOBRE CONTRATO DE DOLAR COMERCIAL;VDV 
O;OPV DL SET;OPCAO DE VENDA SOBRE CONTRATO DE DOLAR COMERCIAL;VDU 
O;OPV DLA;OPCAO DE VENDA COM AJUSTE DE DOLAR;VDL 
O;OPV ETH;OPCAO DE VENDA SOBRE CONTRATO FUTURO DE ETANOL HIDRATADO;VET 
O;OPV ID ABR;OPCAO DE VENDA SOBRE INDICE IDI;VIJ 
O;OPV ID AGO;OPCAO DE VENDA SOBRE INDICE IDI;VIQ 
O;OPV ID DEZ;OPCAO DE VENDA SOBRE INDICE IDI;VIZ 
O;OPV ID FEV;OPCAO DE VENDA SOBRE INDICE IDI;VIG 
O;OPV ID JAN;OPCAO DE VENDA SOBRE INDICE IDI;VIF 
O;OPV ID JUL;OPCAO DE VENDA SOBRE INDICE IDI;VIN 
O;OPV ID JUN;OPCAO DE VENDA SOBRE INDICE IDI;VIM 
O;OPV ID MAI;OPCAO DE VENDA SOBRE INDICE IDI;VIK 
O;OPV ID MAR;OPCAO DE VENDA SOBRE INDICE IDI;VIH 
O;OPV ID NOV;OPCAO DE VENDA SOBRE INDICE IDI;VIX 
O;OPV ID OUT;OPCAO DE VENDA SOBRE INDICE IDI;VIV 
O;OPV ID SET;OPCAO DE VENDA SOBRE INDICE IDI;VIU 
O;OPV ISU;OPCAO DE VENDA SOBRE CONTRATO FUTURO DE ACUCAR;VIS 
O;OPV M1 ABR;OPCAO DE VENDA;9P 
O;OPV M1 AGO;OPCAO DE VENDA;9T 
O;OPV M1 DEZ;OPCAO DE VENDA;9X 
O;OPV M1 FEV;OPCAO DE VENDA;9N 
O;OPV M1 JAN;OPCAO DE VENDA;9M 
O;OPV M1 JUL;OPCAO DE VENDA;9S 
O;OPV M1 JUN;OPCAO DE VENDA;9R 
O;OPV M1 MAI;OPCAO DE VENDA;9Q 
O;OPV M1 MAR;OPCAO DE VENDA;9O 
O;OPV M1 NOV;OPCAO DE VENDA;9W 
O;OPV M1 OUT;OPCAO DE VENDA;9V 
O;OPV M1 SET;OPCAO DE VENDA;9U 
O;OPV OR ABR;OPCAO DE VENDA DE ACOES ORDINARIAS;3P 
O;OPV OR AGO;OPCAO DE VENDA DE ACOES ORDINARIAS;3T 
O;OPV OR DEZ;OPCAO DE VENDA DE ACOES ORDINARIAS;3X 
O;OPV OR FEV;OPCAO DE VENDA DE ACOES ORDINARIAS;3N 
O;OPV OR JAN;OPCAO DE VENDA DE ACOES ORDINARIAS;3M 
O;OPV OR JUL;OPCAO DE VENDA DE ACOES ORDINARIAS;3S 
O;OPV OR JUN;OPCAO DE VENDA DE ACOES ORDINARIAS;3R 
O;OPV OR MAI;OPCAO DE VENDA DE ACOES ORDINARIAS;3Q 
O;OPV OR MAR;OPCAO DE VENDA DE ACOES ORDINARIAS;3O 
O;OPV OR NOV;OPCAO DE VENDA DE ACOES ORDINARIAS;3W 
O;OPV OR OUT;OPCAO DE VENDA DE ACOES ORDINARIAS;3V 
O;OPV OR SET;OPCAO DE VENDA DE ACOES ORDINARIAS;3U 
O;OPV OZ ABR;OPCAO DE VENDA SOBRE CONTRATO DE OURO DE 250G;VOJ 
O;OPV OZ AGO;OPCAO DE VENDA SOBRE CONTRATO DE OURO DE 250G;VOQ 
O;OPV OZ DEZ;OPCAO DE VENDA SOBRE CONTRATO DE OURO DE 250G;VOZ 
O;OPV OZ FEV;OPCAO DE VENDA SOBRE CONTRATO DE OURO DE 250G;VOG 
O;OPV OZ JAN;OPCAO DE VENDA SOBRE CONTRATO DE OURO DE 250G;VOF 
O;OPV OZ JUL;OPCAO DE VENDA SOBRE CONTRATO DE OURO DE 250G;VON 
O;OPV OZ JUN;OPCAO DE VENDA SOBRE CONTRATO DE OURO DE 250G;VOM 
O;OPV OZ MAI;OPCAO DE VENDA SOBRE CONTRATO DE OURO DE 250G;VOK 
O;OPV OZ MAR;OPCAO DE VENDA SOBRE CONTRATO DE OURO DE 250G;VOH 
O;OPV OZ NOV;OPCAO DE VENDA SOBRE CONTRATO DE OURO DE 250G;VOX 
O;OPV OZ OUT;OPCAO DE VENDA SOBRE CONTRATO DE OURO DE 250G;VOV 
O;OPV OZ SET;OPCAO DE VENDA SOBRE CONTRATO DE OURO DE 250G;VOU 
O;OPV PA ABR;OPCAO DE VENDA DE ACOES PREFERENCIAIS CLASSE A;5P 
O;OPV PA AGO;OPCAO DE VENDA DE ACOES PREFERENCIAIS CLASSE A;5T 
O;OPV PA DEZ;OPCAO DE VENDA DE ACOES PREFERENCIAIS CLASSE A;5X 
O;OPV PA FEV;OPCAO DE VENDA DE ACOES PREFERENCIAIS CLASSE A;5N 
O;OPV PA JAN;OPCAO DE VENDA DE ACOES PREFERENCIAIS CLASSE A;5M 
O;OPV PA JUL;OPCAO DE VENDA DE ACOES PREFERENCIAIS CLASSE A;5S 
O;OPV PA JUN;OPCAO DE VENDA DE ACOES PREFERENCIAIS CLASSE A;5R 
O;OPV PA MAI;OPCAO DE VENDA DE ACOES PREFERENCIAIS CLASSE A;5Q 
O;OPV PA MAR;OPCAO DE VENDA DE ACOES PREFERENCIAIS CLASSE A;5O 
O;OPV PA NOV;OPCAO DE VENDA DE ACOES PREFERENCIAIS CLASSE A;5W 
O;OPV PA OUT;OPCAO DE VENDA DE ACOES PREFERENCIAIS CLASSE A;5V 
O;OPV PA SET;OPCAO DE VENDA DE ACOES PREFERENCIAIS CLASSE A;5U 
O;OPV PB ABR;OPCAO DE VENDA DE ACOES PREFERENCIAIS CLASSE B;6P 
O;OPV PB AGO;OPCAO DE VENDA DE ACOES PREFERENCIAIS CLASSE B;6T 
O;OPV PB DEZ;OPCAO DE VENDA DE ACOES PREFERENCIAIS CLASSE B;6X 
O;OPV PB FEV;OPCAO DE VENDA DE ACOES PREFERENCIAIS CLASSE B;6N 
O;OPV PB JAN;OPCAO DE VENDA DE ACOES PREFERENCIAIS CLASSE B;6M 
O;OPV PB JUL;OPCAO DE VENDA DE ACOES PREFERENCIAIS CLASSE B;6S 
O;OPV PB JUN;OPCAO DE VENDA DE ACOES PREFERENCIAIS CLASSE B;6R 
O;OPV PB MAI;OPCAO DE VENDA DE ACOES PREFERENCIAIS CLASSE B;6Q 
O;OPV PB MAR;OPCAO DE VENDA DE ACOES PREFERENCIAIS CLASSE B;6O 
O;OPV PB NOV;OPCAO DE VENDA DE ACOES PREFERENCIAIS CLASSE B;6W 
O;OPV PB OUT;OPCAO DE VENDA DE ACOES PREFERENCIAIS CLASSE B;6V 
O;OPV PB SET;OPCAO DE VENDA DE ACOES PREFERENCIAIS CLASSE B;6U 
O;OPV PC ABR;OPCAO DE VENDA DE ACOES PREFERENCIAIS CLASSE C;7P 
O;OPV PC AGO;OPCAO DE VENDA DE ACOES PREFERENCIAIS CLASSE C;7T 
O;OPV PC DEZ;OPCAO DE VENDA DE ACOES PREFERENCIAIS CLASSE C;7X 
O;OPV PC FEV;OPCAO DE VENDA DE ACOES PREFERENCIAIS CLASSE C;7N 
O;OPV PC JAN;OPCAO DE VENDA DE ACOES PREFERENCIAIS CLASSE C;7M 
O;OPV PC JUL;OPCAO DE VENDA DE ACOES PREFERENCIAIS CLASSE C;7S 
O;OPV PC JUN;OPCAO DE VENDA DE ACOES PREFERENCIAIS CLASSE C;7R 
O;OPV PC MAI;OPCAO DE VENDA DE ACOES PREFERENCIAIS CLASSE C;7Q 
O;OPV PC MAR;OPCAO DE VENDA DE ACOES PREFERENCIAIS CLASSE C;7O 
O;OPV PC NOV;OPCAO DE VENDA DE ACOES PREFERENCIAIS CLASSE C;7W 
O;OPV PC OUT;OPCAO DE VENDA DE ACOES PREFERENCIAIS CLASSE C;7V 
O;OPV PC SET;OPCAO DE VENDA DE ACOES PREFERENCIAIS CLASSE C;7U 
O;OPV PD ABR;OPCAO DE VENDA DE ACOES PREFERENCIAIS CLASSE D;8P 
O;OPV PD AGO;OPCAO DE VENDA DE ACOES PREFERENCIAIS CLASSE D;8T 
O;OPV PD DEZ;OPCAO DE VENDA DE ACOES PREFERENCIAIS CLASSE D;8X 
O;OPV PD FEV;OPCAO DE VENDA DE ACOES PREFERENCIAIS CLASSE D;8N 
O;OPV PD JAN;OPCAO DE VENDA DE ACOES PREFERENCIAIS CLASSE D;8M 
O;OPV PD JUL;OPCAO DE VENDA DE ACOES PREFERENCIAIS CLASSE D;8S 
O;OPV PD JUN;OPCAO DE VENDA DE ACOES PREFERENCIAIS CLASSE D;8R 
O;OPV PD MAI;OPCAO DE VENDA DE ACOES PREFERENCIAIS CLASSE D;8Q 
O;OPV PD MAR;OPCAO DE VENDA DE ACOES PREFERENCIAIS CLASSE D;8O 
O;OPV PD NOV;OPCAO DE VENDA DE ACOES PREFERENCIAIS CLASSE D;8W 
O;OPV PD OUT;OPCAO DE VENDA DE ACOES PREFERENCIAIS CLASSE D;8V 
O;OPV PD SET;OPCAO DE VENDA DE ACOES PREFERENCIAIS CLASSE D;8U 
O;OPV PR ABR;OPCAO DE VENDA DE ACOES PREFERENCIAIS;4P 
O;OPV PR AGO;OPCAO DE VENDA DE ACOES PREFERENCIAIS;4T 
O;OPV PR DEZ;OPCAO DE VENDA DE ACOES PREFERENCIAIS;4X 
O;OPV PR FEV;OPCAO DE VENDA DE ACOES PREFERENCIAIS;4N 
O;OPV PR JAN;OPCAO DE VENDA DE ACOES PREFERENCIAIS;4M 
O;OPV PR JUL;OPCAO DE VENDA DE ACOES PREFERENCIAIS;4S 
O;OPV PR JUN;OPCAO DE VENDA DE ACOES PREFERENCIAIS;4R 
O;OPV PR MAI;OPCAO DE VENDA DE ACOES PREFERENCIAIS;4Q 
O;OPV PR MAR;OPCAO DE VENDA DE ACOES PREFERENCIAIS;4O 
O;OPV PR NOV;OPCAO DE VENDA DE ACOES PREFERENCIAIS;4W 
O;OPV PR OUT;OPCAO DE VENDA DE ACOES PREFERENCIAIS;4V 
O;OPV PR SET;OPCAO DE VENDA DE ACOES PREFERENCIAIS;4U 
O;OPV SFI;OPCAO DE VENDA SOBRE CONTRATO FUTURO DE SOJA COM LIQ FINANC;VSF 
O;OPV SOJ;OPCAO DE VENDA SOBRE CONTRATO FUTURO DE SOJA 27T;VSJ 
O;OPV VCA;VOLATILIDADE DE OPCAO DE VENDA COM AJUSTE DE DOLAR;VVA 
O;OPV VF1;OPCAO DE VENDA SOBRE FUTURO VOLATILIDADE TAXA JURO FOWARD 1;VF1 
O;OPV VF2;OPCAO DE VENDA SOBRE FUTURO VOLATILIDADE TAXA JURO FOWARD 2;VF2 
O;OPV VF3;OPCAO DE VENDA SOBRE FUTURO VOLATILIDADE TAXA JURO FOWARD 3;VF3 
O;OPV VF4;OPCAO DE VENDA SOBRE FUTURO VOLATILIDADE TAXA JURO FOWARD 4;VF4 
O;OPV VF5;OPCAO DE VENDA SOBRE FUTURO VOLATILIDADE TAXA JURO FOWARD 5;VF5 
O;OPV VF6;OPCAO DE VENDA SOBRE FUTURO VOLATILIDADE TAXA JURO FOWARD 6;VF6 
O;OPV VF7;OPCAO DE VENDA SOBRE FUTURO VOLATILIDADE TAXA JURO FOWARD 7;VF7 
O;OPV VID;OPCAO DE VENDA SOBRE CONTRATO VOLATILIDADE TAXA JURO SPOT;VVI 
O;OPV VTC;OPCAO DE VENDA SOBRE CONTRATO DE VOLATILIDADE TAXA CAMBIO;VVT 
O;OPV VTC 1;OPCAO DE VENDA SOBRE CONTRATO DE VOLATILIDADE TAXA CAMBIO;VV 
R;BONUS SUB;BONUS DE SUBSCRICAO;N 
R;DIR RESG;DIREITOS DE SUBSCRICAO EM ACOES RESGATAVEIS;G 
R;DIREITOS;DIREITOS DE SUBSCRICAO;D 
