#stockcode;companyName
CCC;CAM CORREA
UOLL;UOL
UPSS;UPS
CBF;BAND C F INV
ITI;ITINGA
EBC;EMBRACO
FTSE;FERT SERRANA
GUAR;GUARARAPES
CBN;CIBRAN
MDD;MODDATA
FNOR;FINOR
TLSP;TELESP
PCAR;P.ACUCAR-CBD
PQUN;PETROQ UNIAO
CEC;STA CECILIA
PFIZ;PFIZER
ASTA;AS TEXTIL
ELU;ELUMA
SALM;SEARA ALM
FAT;FATOR
TANC;TAM S/A
CBA;BAN ARMAZENS
PABY;FDO PANAMBY
MFLU;SANTISTA ALM
SJOS;TECEL S JOSE
PMET;PRO METALURG
BRFS;BRF SA
LREN;LOJAS RENNER
GLO;GLOBEX
NOVA;NOVA AMERICA
RIP;IPIRANGA REF
AGRO;BRASILAGRO
FTCE;FII OPPORTUN
EDN;EDN
ARA;CIM ARATU
BLP;BELPRATO
FNO;FINOR
BHEQ;BAHEMA EQUIP
DTCY;DTCOM-DIRECT
CPL;COPEL
FAMB;FII ALMIRANT
UCA;UCAR CARBON
ANC;ANCORA COML
AMPI;AMPLA INVEST
IRI;IRIDIUM
STRP;BOTUCATU TEX
DIX;DIXIELALEKLA
SON;SONDOTECNICA
LUX;TREVISA
PLAS;PLASCAR PART
JSLG;JULIO SIMOES
EPED;MARTREX
TUPY;TUPY
CEOC;FII CEO CCP
BESP;BANESPA
IMC;IMCOSUL
GVTT;GVT HOLDING
PLIM;MULTICANAL
OXI;OXITENO
TEC;TECANOR
ELEK;ELEKEIROZ
PINE;PINE
ELUM;ELUMA
GRPA;GRAPIA
AMS;AMER LEASING
SOES;SADIA S/A
EAGL;FDO EAGLE
ELET;ELETROBRAS
MOA;MONT ARANHA
PRSN;FII PERSONAL
MSP;MELHOR SP
MAKR;MAKRO
FNI;FININVEST
BSG;AGF BRASIL
SAMI;SAMITRI
TIBR;TIBRAS
BLM;BORLEM
ASSM;ELDORADO
AUTO;DUREX
ABCP;FII ABC IMOB
CFT;PARA DEMINAS
GGBR;GERDAU
FGOS;FRANGOSUL
POP;POLIPROPILEN
AUT;DUREX
RECF;REALCAFE
CTPC;CTM CITRUS
CTA;CATA
SIFC;SIFCO
BRAP;BRADESPAR
DOHL;DOHLER
TEK;TEKA
ECOR;ECORODOVIAS
MCDC;MCDONALDS
BAU;BAUMHARDT
MLP;MELPAPER
HAG;FER HAGA
CJSC;CASA J SILVA
VULC;VULCABRAS
BSU;BAHIA SUL
CTE;CETENCO
CSY;YASUDA
BELG;BELGO MINEIR
GALO;MAIO GALLO
BFCV;SPSCS INDL
OSA;OSA
MYP;MASSEY PERK
HOME;HOME DEPOT
FFCI;FDO F CENTER
ELN;ELEKEIROZ
DRO;DROGASIL
BRFS;BRF FOODS
ARL;ARTHUR LANGE
TMAR;TELEMAR N L
FVP;FDO V PARQUE
ALPA;ALPARGATAS
LATS;LATASA
CCPR;CYRE COM-CCP
HGT;HERING TEXT
SAD;SADE
SHP;SEHBE PART
UBBR;UNIBANCO
SAD;SADE VIGESA
CPSL;COPESUL
IBNB;BARCLAYS GAL
CDG;CONDUGEL
COCA;COCA COLA
AMGN;AMGEN
CRA;ADUBOS CRA
JOI;HUSKY
FTS;FERTISUL
RIP;REF IPIRANGA
AML;AMELCO
TUP;TUPY
PITI;PITIMBU PART
COP;COPAS
CHVX;CHEVRON
BAT;BATES BRASIL
BAC;BANCESA
ILM;ADUBOS TREVO
RAIA;RAIA
TMCP;TELEMIG PART
CEED;CEEE-D
APA;ACOS IPANEMA
FNB;FINOBRASA
OSXB;OSX BRASIL
VGOR;VIGOR
AVI;ACOS VILL
FJT;FORJA TAURUS
TBAS;TEBA
IVT;INVESTEC
GOA;GERDAU MET
SAGR;AGROCERES
QGNP;QGN PARTIC
TEPR;BRASIL TELEC
MUC;MUNCK EQ IND
CRIV;ALFA FINANC
IGU;IGUACU CAFE
SPGR;SUPERAGRO
LIPR;LIGHTPAR
UNIP;UNIPAR
ABP;ABC COMPUTAD
BGF;BORGHOFF
INEP;INEPAR
RADL;RAIADROGASIL
LOGN;LOG-IN
FCXO;FREEPORT
CTWR;BLUE TREE
FST;FISET TUR
AHE;ANHEMBI
CMI;CEMIG
CNP;CONPART
WALM;WAL MART
DOV;DOVA
MMXM;MMX MINER
ROS;AMADEO ROSSI
CIT;CIM TOCANTIN
WSON;WILSON SONS
MSHP;FII LARGO 13
POM;MARCOPOLO
OSAO;PLASCAR PART
TPRC;TPR CEL
ECI;ECISA
ABC;ABC XTAL
PPA;POLPAR
FSR;FISET FL REF
SBUB;STARBUCKS
ROD;RODOVIARIA
BBVT;BOAVISTA
XPGA;FII XP GAIA
FIGE;INVEST BEMGE
CHAP;CHAPECO
TEN;TEKA NORDEST
VSMA;SGOBAINVIDRO
TBLE;TRACTEBEL
BCR;BAMERIND IMO
SAC;AEROFOTO
RBBV;FII JHSF FBV
BBD;BRADESCO
TXRX;TEX RENAUX
ISB;INDICE S/B
MCR;MICROTEC
VAC;VACCHI
BSE;HSBC BAM SEG
RAPT;RANDON PART
FIBR;FIBRIA
REE;RHEEM
IBE;CLIMAX
FJTA;FORJA TAURUS
CEV;CEVAL
EMX;ENGEMIX
ITLC;INTEL
AFR;ALFRED
ACES;ACESITA
CEGR;CEG
GAL;MAIO GALLO
DFVA;D F VASCONC
BMYB;BRISTOLMYERS
ANO;SID ACONORTE
REAL;REAL
LOAR;LOJAS ARAPUA
SML;SULMALHAS
GOVE;IT NOW IGCT
SPLC;SPLICE
HRTP;HRT PETROLEO
EBE;EBERLE
EPTE;EPTE
LOB;LOBRAS
ANRN;ANTARCTIC RN
BAJ;FENICIA
SUBA;SUBMARINO
ARTE;ARTEX
MNP;MINUPAR
JHSF;JHSF PART
PQDP;FII D PEDRO
NAT;NATIVA
CSAB;SEG AL BAHIA
WHMT;WHIT MARTINS
BDE;BANDEPE
CEDO;CEDRO
ARPS;DOUAT TEXTIL
ABRE;ABRIL EDUCA
SZPQ;QUATTOR PETR
TBA;TEBA
ODBE;ODEBRECHT
MTV;MULTIVIDRO
BTOW;B2W GLOBAL
CAB;CASA ANGLO
BUE;BUETTNER
DHBI;D H B
BEXC;EXCEL ECONOM
TEP;TELEPAR
FAR;FAROL
CSB;SEGURO BAHIA
MSAN;BUNGE BRASIL
CRB;CARAIBA MET
BAQ;ANT QUEIROZ
JSLG;JSL
IMBI;DOC IMBITUBA
QUAL;QUALICORP
YPFL;Y P F
AZE;AZEVEDO
TRMB;TROMBINI
BBTG;BTG PACTUAL
FIGS;FII GEN SHOP
BEL;BELGO MINEIR
MLE;ML ELETR AUT
PHMO;PHILIPMORRIS
SHOW;TIME FOR FUN
BICB;BICBANCO
BEES;BANESTES
MBRF;FII MERC BR
BNET;SANTANDERNOR
DXT;DIXIE TOGA
CEPE;CELPE
PIJU;PIRAJU PART
RBDS;FII RBRESID2
LAME;LOJAS AMERIC
MAPT;CEMEPE
RBPD;FII RBPRIME2
CEVA;CEVAL
VEMG;MONTREAL
TLCP;TELE LEST CL
BBFI;FII BB PROGR
FIPC;FIA IP.COM
FGU;F GUIMARAES
BTOW;B2W DIGITAL
BRHA;BRAHMA
ELEV;ELEVA
VRL;EMAQ VEROLME
MEDI;MEDIAL SAUDE
PUMA;FDO DYN PUMA
FTSU;FERTISUL
SGPS;SPRINGS
BNA;NACIONAL
DISA;DONA ISABEL
SPP;PETR S PAULO
BMI;MERC INVEST
BDLL;BARDELLA
RHDS;RHODIA-STER
SUD;SUDESTE
EBEN;EBE
WPLZ;FII W PLAZA
TIBR;MILLENNIUM
EBTP;EMBRATEL PAR
REEM;RIMET
LATM;LATAM AIRLN
AMIL;AMIL
IDVL;INDUSVAL
TECN;TECHNOS
GSHP;GENERALSHOPP
ILMD;ADUBOS TREVO
HAGA;HAGA S/A
BBT;BRASIL BETON
TGMA;TEGMA
SID;SID INFORMAT
PVPR;PEVE PREDIOS
TRO;TRORION
GOOG;GOOGLE
FLD;FLEXIDISK
MTA;CIMETAL
IMCH;IMC HOLDINGS
PNVL;DIMED
JFE;JOAO FORTES
WHRL;WHIRLPOOL
TSPC;TELESP CL
MIM;BRINQ MIMO
LLXL;LLX LOG
ANO;SID.ACONORTE
JBSS;JBS
BAH;BAHEMA
VIG;VIGORELLI
DPPI;IPIRANGA DIS
CZA;CZARINA
WFCO;WELLS FARGO
LUMS;CNV CIA VEST
TRNA;TAESA
PTNT;PETTENATI
BSE;BAMERIND SEG
MMAQ;MINASMAQUINA
CLAN;CLARION
VLOL;FII OLIMPIA
LITS;BRASILIT
BBS;BS INFORMAT
SPTW;FII SP DOWNT
BER;BERGAMO
SUL;SULTEPA
BRIN;BR INSURANCE
BMEF;BM&F
IVP;TELEINVEST
ALP;ALPARGATAS
BRS;BANRISUL
CEBR;CEB
FDMO;FORD MOTORS
UBB;UNIBANCO
SNSY;SANSUY
ODPV;ODONTOPREV
SGE;SERGEN
FIGE;FINANC BEMGE
UNI;UNIPAR
RAP;RANDON PART
VGA;VARGA FREIOS
FSPE;FISET PESCA
CPAA;C P A
GOAU;GERDAU MET
MTS;METISA
CTP;CTM CITRUS
LET;MICHELETTO
BDEP;BANDEPE
RIO;SID.RIOGRAND
UCO;USIN C PINTO
TRFO;TRAFO
AFLT;AFLUENTE T
BPIA;EST PIAUI
YPF;Y P F
AAP;ALIPAR
PAB;PANAMBY
PXE;PEIXE
BEMG;BEMGE
GTCZ;F SUL ATLANT
MEC;MEC PESADA
PTBL;PORTOBELLO
MERC;MERC FINANC
KNRE;FII KII REAL
AGRA;AGRALE
LFF;LA FONTE INV
MRS;MARISOL
TPIS;TRIUNFO PART
JFAB;JARAGUA FABR
GIAN;GIANNINI
PMA;PARANAPANEMA
FLD;FLEXDISC
TRB;TRANSBRASIL
SFR;SEARA INDL
MDE;MADEF
SFSA;SOFISA
TWXB;TIME WARNER
ONEF;FII THE ONE
GRNL;GRANOLEO
ELP;ELETROPAULO
TEN;TEC BLUMENAU
CGOS;CELG
LFFE;LA FONTE INV
RIM;RIMA
SPRI;SPRINGER
TDBH;TEF DATA BRA
LAC;LACTA
PRTX;PORTX
FSRF;FISET FL REF
BFB;FRANCES BRAS
DUQE;MET DUQUE
TAMM;TAM S/A
HAGA;FER HAGA
LUM;LUM''S
BRH;BRAHMA
DIVO;IT NOW IDIV
CQUE;CIQUINE PETR
FFTL;FOSFERTIL
PMSP;CEPAC - PMSP
POMO;MARCOPOLO
MIBV;MINI IBOV
CFJ;CONFORJA
DRIT;FII MTGESTAO
BOAC;BANK AMERICA
PDGR;PDG REALT
BZNX;BENZENEX
ITS;ITAUSA
VAGR;V-AGRO
ESUT;FIP IE III
CLSC;CELESC
SGA;SUPERGASBRAS
QCOM;QUALCOMM
VEP;VEPLAN
USI;USIMINAS
POR;POLIPR PART
ARZZ;AREZZO CO
BRU;BRUMADINHO
BGI;BANESE
CNF;CONFAB
RBRA;RIO BRAVO
FHER;FER HERINGER
VIGR;VIGOR FOOD
MSTO;MONSANTO
CII;ITAUNENSE
FTB;FERTIBASE
TIB;TIBRAS
CSMB;SEG MIN BRAS
DPP;DIST IPIRANG
TER;TELERJ
WEGE;WEG
RCCS;FII REP 1
STRP;STAROUP
IENG;IENERGIA
CRS;CRESAL
ESUU;FIP IE I
VAL;VALE R DOCE
TUB;BRADESCO TUR
CPFE;CPFL ENERGIA
NAKT;NAKATA
COB;CONST BETER
ALUP;ALUPAR
ZAN;ZANINI
CON;CONSUL
PAI;SID.PAINS
IBN;INVEST BCN
CQU;CIQUINE PETR
BRI;REAL DE INV
FCA;SAM INDUSTR
PLTO;POLITENO
SAB;SAO BRAZ
SBSP;SABESP
FFTL;VALEFERT
KNRI;FII KINEA
ICPI;CIM ITAU
TRA;TRANSAUTO
CED;CEDRO
BPNM;PANAMERICANO
DAGB;DUFRY AG
LRE;LOJAS RENNER
OLC;OLICAL
BOVH;BOVESPA HLD
TESE;SATMA
REP;ELECTROLUX
CCIM;CC DES IMOB
RCLL;KLAB RIOCELL
AMSL;AMER LEASING
ASTA;SANTISTEXTIL
BBPO;FII BB PRGII
LAE;LABO
CRDE;CR2
BEPA;BANESTADO
WMB;WEMBLEY
TRJC;TRJ CEL
SOND;SONDOTECNICA
LARK;LARK MAQS
PNOR;PRONOR
ACES;AM INOX BR
WIS;WIEST
RBCB;FII RIOBRCIB
CIQU;CACIQUE
BRIV;ALFA INVEST
AGEI;AGRE EMP IMO
BSEG;HSBC SEG BR
ELAT;ELEVAD ATLAS
BEE;BANESTES
CST;SID TUBARAO
DTEX;DURATEX
CGAS;COMGAS
MNG;MENEGAZ
GOLL;GOL
SJO;TECEL S JOSE
SATI;SATIPEL
ITPS;BRAMPAC
SCLO;SCHLOSSER
CTN;COTEMINAS
BTA;BETA
JPPC;FII JPP CAPI
CBH;CASAS BANHA
BTTL;BATTISTELLA
VLID;VALID
AMRI;GEODEX
CBNT;CIBRAN
PICO;PICOS PART
MAOR;MAORI
BIV;BANDEIR INV
SUR;ELEVAD SUR
ALBA;ALBARUS
FCH;FICHET
JFA;JARAGUA FABR
TBCP;TEL B CAMPO
MTE;MULTITEL
WMBY;WEMBLEY
AQLL;FII AQUILLA
ELBR;ELEBRA
ANTA;ANTARCTICA
TBAC;TELEBAHIA CL
SHA;SHARP
HPQB;HP COMPANY
FBC;FINANC BCN
RBCS;RB CREDITO
TXR;TEX RENAUX
COCE;COELCE
TEPR;TELEPAR
NORD;NORDON MET
IBA;ANTARCT NORD
LOA;LOJAS ARAPUA
LHE;LOJAS HERING
BCBR;CERT PRIVAT
TPLT;FDO BTAM FVL
ART;ARTEX
STFI;FII SANT 001
ENMA;CEMAR
CSS;CRUZEIRO SUL
VIVR;VIVER
MUN;MUND COURO
BOVA;ISHARES BOVA
MSPA;MELHOR SP
BCA;BIC CALOI
NOV;NOVA AMERICA
TOTS;TOTVS
EQTL;EQUATORIAL
BCAL;BIC CALOI
MTCS;METALAC
CHA;CHAPECO
FTP;FERTIPLAN
MEND;MENDES JR
BRML;BR MALLS PAR
LAF;LAFER
LIX;LIX DA CUNHA
RGU;RIO GUAHYBA
CPLE;COPEL
BEEF;MINERVA
BSA;SAFRA
CBTA;CORBETTA
EURO;FII EUROPAR
PRO;PROSDOCIMO
SOE;SADIA OESTE
RIO;SID RIOGRAND
LIPR;ELETROPAR
BCN;BCN
PIUM;ALL AMER LAT
EDFO;FII OURINVES
BOS;BOZ SIMON IN
ESC;ESCELSA
PVP;PEVE PREDIOS
SBS;SABESP
MRSL;MARISOL
ALSC;ALIANSCE
FTCE;FII TRADE CT
PVLT;SOUTO VIDIG
CTS;SANTANENSE
DISB;WALT DISNEY
IBRC;INBRAC
RAN;CELUL IRANI
LIXC;LIX DA CUNHA
CIQ;CACIQUE
BSLI;BRB BANCO
ENLT;ENERTEL
NAFG;NADIR FIGUEI
LAM;LOJAS AMERIC
FCA;FICAP
EEEL;CEEE-GT
KLA;KLABIN
IDC;SUPERMAR
SDIA;SADIA S.A.
ENE;ENERSUL
FTZ;FERTIZA
VINE;VICUNHA NORD
MED;MERIDIONAL
AAPL;APPLE
PSI;V C P
ANPB;ANTARCTIC PB
CBT;CORBETTA
FAED;FII ANH EDUC
ABYA;ABYARA
MOAR;MONT ARANHA
MUE;MUELLER IRM
VNET;VISANET
TEKA;TEKA
ABCP;FDO ABC IMOB
FCA;FICAP/MARVIN
SVX;SERVIX ENG
PRBC;PARANA
SIF;SIFCO
BFIT;SUDAMERIS
CCH;CHIARELLI
ELE;ELETROBRAS
OIBR;OI
IAPS;IAP
CESP;CESP
FDS;FUNDIROSSI
LUX;LUXMA
AHEB;ANHEMBI TUR
FPAB;FII A BRANCA
MTSA;METISA
FESA;FERBASA
CLS;CELESC
CIB;HORIZONTE
ANDG;AGCONCESSOES
KEPL;KEPLER WEBER
BRTP;BRASIL T PAR
PAB;FDO PANAMBY
RBAG;FII RB AGRE
MLPA;MELPAPER
REPA;ELECTROLUX
POL;POLAR
FMOF;FII MEMORIAL
JBDU;J B DUARTE
CARD;CSU CARDSYST
LILY;LILLY
TCOC;TELE CTR OES
CBV;CBV IND MEC
CTAX;CONTAX
XRXB;XEROX CORP
BEB;EST BAHIA
ITE;ITAUTEC
CSP;SANTISTA PAP
MFL;MOINHO FLUM
HGTX;CIA HERING
KROT;KROTON
ELMJ;WEG
BSEV;BIOSEV
CSPC;COSIPA
FSP;FISET PESCA
CSN;SID NACIONAL
IVIL;COINVEST
CATP;CATERPILLAR
BSEG;HSBC BAM SEG
GUA;GUARARAPES
PMAM;PARANAPANEMA
LAB;LABRA
BIM;BANORTE IMOB
CTLU;CONTINENTAL
NOD;NOVADATA
TRL;TROL
PTP;PETROPAR
FIB;BRADESCO FIN
SPL;SPLICE
CRUZ;SOUZA CRUZ
WISA;WIEST
BMT;BRASMOTOR
BNB;NORD BRASIL
BGOS;BEG
PORD;FII POLO CRI
BAD;BAMERIND ADM
MOT;MOTORADIO
FRAS;FRAS-LE
EBAY;EBAY
CEE;COELBA
LFFE;LA FONTE TEL
EGV;ENGEVIX
FID;FRIG IDEAL
EUC;EUCATEX
CPR;NOROESTE SEG
EBCO;EMBRACO
ELC;CAIUA
CFTP;PARA DEMINAS
KBO;KIBON
CMA;CEMAG
FTZA;FERTIZA
MAK;MAKRO
PVL;SOUTO VIDIG
RDNI;RODOBENSIMOB
PIRE;PIRELLI
MAXR;FII MAX RET
SHU;SCHULZ
BMG;BMG FINANC
FCFL;FII CAMPUSFL
PRO;ARAPUA
FSIG;FDO SIGMA
EDNE;EDN
CGA;COMGAS
TSPP;TELESP CL PA
COC;COELCE
SML;LUMIERE
CMG;CEMAT
RHD;RHODIA-STER
BAQU;CREFISUL
ARCZ;ARACRUZ
RCSA;RCSA
GFTT;GFTT
GPCP;GPC PART
OSAO;OSA
WMRB;FII WM RBCAP
SEBB;SEB
PREB;PACIFIC RUB
SDIL;FII SDI LOG
BARB;SGOBAINCANAL
BPAR;BANPARA
BMC;MERC S PAULO
FRPS;FERROPASA
CAE;CAEMI
CTPC;MARAMBAIA
CHV;CHAPECO ALIM
LIA;LIASA
CTGP;CITIGROUP
SASG;SUL AMER NAC
MYPK;IOCHP-MAXION
RBVO;FII RIOBCRI2
IRD;IRM DAVOLI
TVIT;TIVIT
TBR;TELEBRASILIA
BIN;BANORTE INV
PAL;PAUL F LUZ
FLCL;F CATAGUAZES
TRJC;TELERJ CL
BAD;BAMERIND PAR
COG;GERDAU
SEM;SEMP
ARNO;ARNO
PAI;SID PAINS
FJKI;FII JK IMOB
TEQ;TEQUIMAR
CPCA;TRIKEM
QMS;QUIMISINOS
ENG;ENGESA
GTDP;GTD PART
PIR;PIRELLI
BCNA;BCN
TLS;TELESP
CRT;CURT
ELB;ELEBRA
IVTL;INVITEL
IRON;IRONX MINER
BOB;BOMBRIL
ELM;ELETROM WEG
RNPT;RENNER PART
TENE;TEC BLUMENAU
TEMP;TEMPO PART
MTI;METAL IGUACU
TARP;TIG LTD
SLCP;SULACAP
BTAS;BETA
MIC;MICROLAB
MNDL;MUNDIAL
CPFG;CPFL GERACAO
BECE;BANCO BEC
BHGR;BHG
BAA;EST AMAZONAS
HNZB;H J HEINZ
TRNT;FII TORRE NO
BTS;BAPTISTA SIL
GRND;GRENDENE
AVPL;AVIPAL
EPED;EPEDA SIM
CASN;CASAN
MILA;ISHARES MILA
SZPQ;SUZANO PETR
LEVE;METAL LEVE
RPAD;ALFA HOLDING
BEP;EST PARANA
IPL;IPLAC
TMGR;TELEMIG
LAEL;LABO
ECP;ENCORPAR
DOH;DOHLER
CCA;CECASA
BSGR;AGF BRASIL
SCON;SADIA CONCOR
MTPS;MOTO PECAS
ATEL;AUTEL
CARB;NITROCARBONO
GAZ;GAZOLA
NETC;NET
BFC;BRASINCA
IGBR;GRADIENTE
IFE;IFEMA
CECI;STA CECILIA
CCXC;CCX CARVAO
CRI;REAL CIA INV
SCPF;FII SCP
MSLF;FII MSL 13
CME;CAEMI METAL
AZEV;AZEVEDO
EALT;ACO ALTONA
PIP;PIRELLI PNEU
IMP;IMPERIO
MRSA;MRS LOGIST
VALE;VALE
RBAG;FII RBRESID1
COGU;GERDAU
CTKA;KARSTEN
LETO;MICHELETTO
BPL;BRASPEROLA
IBMB;IBM
USIM;USIMINAS
AUTM;AUTOMETAL
BAAM;BANCO BEA
EPE;EPEDA SIM
NFLX;NETFLIX
ANR;ANTARCTIC RN
FBR;FERTIBRAS
ZIV;ZIVI
TLB;STANDARD
MNS;MANASA
ENBR;ENERGIAS BR
PMS;PREMESA
FGUI;F GUIMARAES
BCE;ECONOMICO
FIG;FINANC BEMGE
PSSA;PORTO SEGURO
PTIP;IPIRANGA PET
SPC;CIMBRASIL
DUQ;MET DUQUE
VEM;MONTREAL
RIPI;IPIRANGA REF
BME;MERC BRASIL
ITLM;ANTARCTIC MG
SAPR;SANEPAR
BBSE;BBSEGURIDADE
BGIP;BANESE
LSE;LANIF SEHBE
USGE;UNIAO SEGURO
BAL;BAUMER
SAS;SUL AMER NAC
TLPP;TELESP PART
BES;BANESPA
LNM;LAM NACIONAL
FSIG;FII SIGMA
CEVA;BUNGE ALIM
BCM;CRED REAL MG
BAI;BAMERIND INV
ATM;ATMA
TNEP;TELE NORD CL
NOR;NORDON MET
BBAS;BRASIL
ILLS;LINH CIRCULO
CXTL;FII CX TRX
CSNA;SID NACIONAL
CEL;CELM
STBR;SANTOS BRAS
CALI;CONST A LIND
BNN;BANORTE
BAM;AGRIMISA
DUR;DURATEX
CBD;BANGU DESENV
TPAN;TUPIANA
CPTP;CAPITALPART
VIB;VIBASA
ECOO;ISHARES ECOO
MSBR;MORGAN STAN
MWET;WETZEL S/A
CPV;CERT PRIVAT
LDR;LONDRIMALHAS
TCNO;TECNOSOLO
ARC;ARACRUZ
AHEB;SPTURIS
FIPC;FDO IP.COM
LIT;BRASILIT
CGO;CELG
CTIP;CETIP
IGBR;IGB S/A
ECIS;ECISA
VRL;I V I
CSAN;COSAN
HOOT;HOTEIS OTHON
AGR;AGRALE
STE;FRAS-LE
GLA;GLASSLITE
EMA;WESTINGHOUSE
SAN;SANO
GRN;GRANOLEO
TPRC;TELEPAR CL
GPAR;CELGPAR
INET;INEPAR TEL
PTPA;PETROPAR
BPC;BOMPRECO
MTIG;METAL IGUACU
BB;BRASIL
BBS;BOZ SIMON
TAEE;TAESA
CMP;C M P
AMZO;AMAZON
FGO;FRANGOSUL
RPM;PET MANGUINH
HEB;HERING BRINQ
ILMD;YARA BRASIL
TKN;TEKNO
JAR;JARI
MPXE;ENEVA
ELA;ELEVAD ATLAS
QGNE;QUIMIC GERAL
BEB;BANEB
COT;CONCRETEX
PABY;FII PANAMBY
BAQ;CREFISUL
MLF;LA FONTE IND
TCSP;TELE CTR SUL
ABNB;ABNOTE
MYP;IOCHP-MAXION
AST;AS TEXTIL
VISA;VISA INC
VAGV;SAVARG
ITEC;ITAUTEC
SDOK;SADOKIN
RCM;RACIMEC
MSTR;MASTER
LEV;METAL LEVE
FLB;FECH BRASIL
TCH;TECHNOS REL
MESB;MESBLA
MFS;MAFISA
VLJ;VILEJACK
VAGV;SAVIRG
RBPR;FII RBPRIME1
BRG;REAL CONS
RDTR;REDENTOR
SANB;SANTANDER BR
BPFF;FII ABSOLUTO
MROE;M ROSCOE
PRGA;PERDIGAO S/A
ARTE;KUALA
FLRY;FLEURY
CMET;CAEMI METAL
MOBI;ISHARES MOBI
DAT;DATAMEC
FLB;FER LAM BRAS
ORI;ORION
EAL;ACO ALTONA
MHAN;PATRIA INV
MPXE;MPX ENERGIA
PNXS;PANEX
ANP;ANTARCTIC PB
BRCR;FII BCREF I
TPEC;TIM NORDESTE
TERJ;TELERJ
HETA;HERCULES
CMM;C M A PART
BSM;BRASIMET
SPV;SOPAVE
SGU;SID GUAIRA
SAAG;FII SANT AGE
CES;CESP
SAV;SADIA AVICOL
TKNO;TEKNO
FNV;F N V
TRF;TRAFO
LIM;LIMASA
MNN;MINUANO
MER;MERC FINANC
JSIM;FII JS RENDA
BJRC;FII JS RECIM
HGJH;FII CSHGJHSF
SMTO;SAO MARTINHO
CTMI;CENT MIN-RIO
SLAL;SOLA
BIOM;BIOMM
IVTT;INVEST TUR
CXCE;FII CX CEDAE
TBRC;TELEBRASI CL
HGRE;FII HG REAL
INE;INEPAR
SGU;SID.GUAIRA
BFE;BRAFER
TPLT;FIA BTAM FVL
FIIB;FII INDL BR
IAP;IAP
SCP;SCOPUS
TIMP;TIM PART S/A
CPEE;PAUL ENERGIA
JSRE;FII JS REAL
GAFP;CIMOB PART
RCTB;TELEBR RCTB
FRES;FUNRES
AGIN;AGRA INCORP
TRBR;TRANSBRASIL
GFSA;GAFISA
CVR;VINICOLA
CPN;COPENE
BRPR;BR PROPERT
MWET;WETZEL MET
BNCA;NOSSA CAIXA
MAHS;MANAH
CBE;CERJ
CZAR;CZARINA
CRBM;CARAIBA MET
REP;REFRIPAR
CNT;CONTE
BIB;UNIBANCOINV
SHU;MET SCHULZ
MES;MESBLA
ROM;INDS ROMI
MGEL;MANGELS INDL
DFR;DFV ROBOTICA
ITAU;ITAUUNIBANCO
VTA;VTA AMAZONIA
BMEF;BMF
BSL;BRB BANCO
BFI;SUDAMERIS
PTPA;EVORA
FLC;F CATAGUAZES
MPLU;MULTIPLUS
SVXE;SERVIX ENG
ASF;CREASUL
CMIG;CEMIG
ANH;ANHANGUERA
AMAR;LOJAS MARISA
CP;CP CETIP
FFT;FOSFERTIL
TRP;TRANSPARANA
IVEN;IVEN
PTN;PETTENATI
SGAS;WLM IND COM
PRGA;BRF FOODS
MLCF;MAHLE COFAP
SAL;SALGEMA
TNLP;TELEMAR
MSCD;MASTERCARD
HALI;HALLIBURTON
TLU;TRILUX
CYRE;CYRELA REALT
BIOB;BIOBRAS
LIAS;LIASA
ORN;ORNIEX
TBOF;FII TBOFFICE
RANI;CELUL IRANI
TNCP;TELE NORT CL
TEL;TELEBRAS
PVFS;PEVE FINASA
TRXL;FII TRX LOG
CBEE;AMPLA ENERG
OLVB;OLVEBRA
ELPL;ELETROPAULO
BBC;BANDEIRANTES
GETI;GER TIETE
BDB;DESENBANCO
ANCR;FII ANCAR IC
MTBR;MULTIBRAS
VCPA;V C P
COBE;CONST BETER
SPPE;AGIP DISTRIB
TJA;T JANER
UCOP;USIN C PINTO
IBR;INBRAC
ITSA;ITAUSA
MNPR;MINUPAR
HTMX;FII HOTEL MX
IVP;INVESPLAN
BPCO;BOMPRECO
CMMA;C M A PART
VRL;IVI
SIB;SIBRA
CAMB;CAMBUCI
TRU;TRUFANA
MSFT;MICROSOFT
CNFB;CONFAB
SAG;AGROCERES
IBPI;ANTARC PIAUI
NAF;NADIR FIGUEI
GWIR;FII GWI RI
MAS;CASA MASSON
NEM;NEMOFEFFER
JOIN;HUSKY
SPR;SPRINGER
PIBB;PIBB
PDI;PERDIGAO AGR
POCO;POCONE PART
NATU;NATURA
INPR;INPAR S/A
GMEC;GAZETA MERC
CIEL;CIELO
GLTR;GLOBAL TRUST
LECO;LECO
CTP;CITROPECTINA
AGEN;AGRENCO
CTAN;CATA
NIKE;NIKE
UGPA;ULTRAPAR
IMB;DOC IMBITUBA
PNVL;PANVEL
GRSU;GERASUL
VSPT;FER C ATLANT
VVAX;VIVAX
SGAS;SUPERGASBRAS
ISUS;IT NOW ISE
FRIO;METALFRIO
DOCA;DOCAS
CLA;AND CLAYTON
RDES;FII RD ESCRI
RCS;RECRUSUL
EBD;EMBAUBA DES
OPDC;BRAZILIAN FR
KLAB;KLABIN
PNX;PANEX
SLED;SARAIVA LIVR
TRAS;TRANSAUTO
CTL;CONTINENTAL
TRI;ENXUTA
MAN;MANNESMANN
BEX;EXCEL ECONOM
PITI;LF TEL
GME;GAZETA MERC
BALM;BAUMER
BGO;EST GOIAS
LIP;LIGHTPAR
HGLG;FII CSHG LOG
PVL;PEVE PART
IDA;INDAIAL
HCRI;FII CRIANCA
PSI;PAPEL SIMAO
ABTT;ABBOTT
OLM;OLMA
OHLB;OHL BRASIL
VRL;VEROLME
PET;PETROBRAS
RCTB;TELES RCTB
CSMG;COPASA
ATTB;ATT INC
CTK;KARSTEN
OGXP;OGX PETROLEO
LLIS;LE LIS BLANC
ITL;ITACOLOMY
LGLO;LIVR GLOBO
MILS;MILLS
PRBN;PARAIBUNA
BCFF;FII BC FFII
CRGT;CRT
MATC;MATEC
MYP;MAXION
DRIT;FII DAYCOVAL
MANM;MANNESMANN
CFLU;FLUM REFRIG
BFCV;BRASINCA
BRCR;FII BC FUND
FBRA;FERTIBRAS
VALE;VALE R DOCE
EMAE;EMAE
EXXO;EXXON MOBIL
LIGT;LIGHT S/A
EBER;MUNDIAL
RHE;REN HERMANN
NUTR;NUTRIPLANT
BVMF;BMFBOVESPA
APT;ALIPERTI
MAD;MADEIRIT
TMGC;TMG CEL
SEMP;SEMP
VEP;CBPI
BPR;PROGRESSO
THRA;FII BM THERA
FLMA;FII S F LIMA
MILK;LAEP
APHA;ALPHA
CCT;CBC CARTUCHO
FTR;FAB C RENAUX
TAMR;TAM
MDO;WETZEL FUND
BBV;BOAVISTA
JARI;JARI
SING;FDO FATOR SG
MMA;MINASMAQUINA
HGBS;FII CSHGSHOP
LORZ;LORENZ
TETE;TELET
RNGO;FII RIONEGRO
AVIL;ACOS VILL
AALC;ALCOA
BNFS;FII BANRISUL
IOC;IOCHPE
BEC;EST CEARA
QGEP;QGEP PART
CBMA;COBRASMA
FOR;FORD BRASIL
IAS;INV AMER SUL
NSLU;FII LOURDES
MEP;CIMEPAR
UCAS;UNICASA
GRP;GRAPIA
MARI;MARISA
ARMT;ARCELOR
RSU;RIOSULENSE
WHM;WHIT MARTINS
BEM;BEMGE
GAZO;GAZOLA
ELM;WEG
BET;BETUMARCO
GLAS;GLASSLITE
LAR;LARK MAQS
IBXL;IBRX 50
VPTA;VARIG TRANSP
KSSA;KLABINSEGALL
CEEB;COELBA
JOI;JOINVILLENSE
BMKS;BIC MONARK
MAH;MANAH
LFF;LA FONTE FEC
VINE;VICUNHA TEXT
CRF;CREFISUL INV
BAUH;BAUMHARDT
ALT;ANTARCTIC MG
PTI;PET IPIRANGA
LNKD;LINKEDIN
BOS;BOZANO SIMON
CSTB;SID TUBARAO
CRF;CREFISUL
SLA;SOLA
CRIV;REAL CIA INV
RCPR;REAL CONS PA
STED;FRAS-LE
HER;CIA HERING
AMCE;AMERICEL
RAD;RANDON
MAFE;CIMAF
BLME;BORLEM
MTP;MOTO PECAS
GER;GERMANI
GMSA;PROMOAUTO
TLVT;TELINVEST
GEOO;GE
HBOR;HELBOR
STM;STA MATILDE
FAPC;COFAP
LUM;CNV CIA VEST
AXPB;AMERICAN EXP
BSG;BRASIL SEGUR
IGTA;IGUATEMI
MWE;WETZEL MET
BBRK;BR BROKERS
CZRS;CRUZEIRO SUL
BARB;MET BARBARA
LSEH;LANIF SEHBE
DHB;D H B
BPA;BANPARA
BCN;CREDITO NAC
RHDS;M G POLIEST
PLIM;GLOBO CABO
BRD;PETROBRAS BR
AUT;AUT ASBESTOS
UTIP;ISHARES UTIP
PLM;POLYMAX
UBH;UNIBANCO HLD
MNSA;MANASA
POLA;POLAR
DXTG;DIXIE TOGA
BPHA;BR PHARMA
FER;FERRO BRAS
TSPC;TSP CEL
FFCI;FII F CENTER
SUZA;SUZANO
ERI;ERICSSON
SUZ;SUZANO
LCAM;LOCAMERICA
CNT;GRAVATAI
ICT;CIM CORUMBA
BEMA;BEMATECH
FBM;FIBAM
CRTP;CRT CELULAR
DOMO;DOMUS POPULI
BCMG;CRED REAL MG
AELP;AES ELPA
FVBI;FII VBI 4440
CIIT;ITAUNENSE
LUXM;TREVISA
TARP;TARPON
RJCP;RJCP EQUITY
RPPR;REALPAR
PLIM;NET
SLE;SARAIVA LIVR
DAYC;DAYCOVAL
AESL;AES SUL
HGNN;FIBRASIL
FNAM;FINAM
GWIC;FII GWI LOG
BSC;BESC
TCSL;TELE CL SUL
PDG;PERDIGAO
TCSP;BRASIL T PAR
CSI;COSIPA
FDXB;FEDEX CORP
CYRE;BRAZIL REALT
CTNM;COTEMINAS
CHV;CHAPECO AVIC
CPC;TRIKEM
BEBA;BANEB
BIO;BIOBRAS
JBD;J B DUARTE
CGR;GRAZZIOTIN
DELL;DELL
IBAN;ANTARCT NORD
BUET;BUETTNER
TSEP;TELE SUDESTE
BRGE;REAL CONS
TEB;TELEBAHIA
BON;BONATO C IND
ECOD;ECODIESEL
SMLE;SMILES
PTI;IPIRANGA PET
DPP;IPIRANGA DIS
BVMF;BMF BOVESPA
TCSA;TECNISA
EVEN;EVEN
CST;SID.TUBARAO
CSRN;COSERN
SOE;SADIA FRIGOB
STBP;SANTOS BRP
LIGH;LIGHT
CAL;CONST A LIND
BEXC;BILBAO VIZC
ELND;ELEKEIROZ
VDNP;22 NOVEMBRO
ARLA;ARTHUR LANGE
FEXC;FII EXCELLEN
CPNE;COPENE
ABCB;ABC BRASIL
ORIO;ORION
PXEC;PEIXE
CCHI;CHIARELLI
FBO;BORELLA
IBP;ANTARC PIAUI
GETI;AES TIETE
SOES;SADIA FRIGOB
EZTC;EZTEC
VRTA;FII FATOR VE
TGLT;TGLT
EMXS;GERAL CONCR
APA;APARECIDA
EMR;EMILI ROMANI
CTSA;SANTANENSE
TBRC;TBR CEL
CIC;CICA
FID;SULINA ALIM
COD;CODEARA
CDOU;CACH DOURADA
PRSV;FII P VARGAS
ORCL;ORACLE
OLV;OLVEBRA
PDA;PERDISA
LMTB;LOCKHEED
RSIP;RASIP AGRO
SIBR;SIBRA
REEM;RHEEM
GMO;GURGEL MOTOR
FVPQ;FII V PARQUE
FSTU;FISET TUR
EGL;ED GUIAS LTB
LCS;LACESA
HERI;CIA HERING
JPMC;JPMORGAN
FFCI;FII RIOB RC
TBAC;TBA CEL
COES;COEST CONST
PRO;ARAPUA IMP
CVPT;CEVAL PART
CREM;CREMER
VERZ;VERIZON
RPA;REAL PART
JOO;JOAQUIM OLIV
CPNY;COMPANY
GOA;MET GERDAU
RNEW;RENOVA
ENER;ENERSUL
PSIM;V C P
MLFT;JEREISSATI
FBMC;FIBAM
PRB;PARAIBUNA
CETE;CETERP
PLI;MULTICANAL
FLRP;FII FLORIPA
BMEB;MERC BRASIL
NEMO;NEMOFEFFER
MRFG;MARFRIG
SULT;SULTEPA
RPMG;PET MANGUINH
PEPB;PEPSICO INC
TOYB;TECTOY
TANC;TAM CIA INV
PRS;PERSICO
CPFP;CPFL PIRATIN
GIA;GIANNINI
CIB;INDL B HORIZ
MTX;MULTITEXTIL
MAGS;MAGNESITA
LPC;LPC IND ALIM
MXRC;FII MAXIMARC
COG;COSIGUA
BASU;AMERICA SUL
RNAR;RENAR
POSI;POSITIVO INF
SDO;SADOKIN
HBT;HABITASUL
CLD;COLDEX
COR;COR RIBEIRO
SUZB;SUZANO PAPEL
SHAP;SHARP
RPAD;REAL PART
AEDU;ANHANGUERA
ITP;ITAP
SGEN;SERGEN
REC;REALCAFE
BNBR;NORD BRASIL
HONB;HONEYWELL
CBM;COBRASMA
HGBS;FII HG SHOP
SLBG;SCHLUMBERGER
CQUE;ELEKEIROZ
PPS;PROPASA
CCCC;CAM CORREA
PAT;PANATLANTICA
LIMA;LIMASA
REDE;REDE ENERGIA
PLDN;POLIALDEN
ELN;ELEKEIR NORD
MFII;FII MERITO I
NCG;NORCHEM GUAR
MMMC;3M
JRDM;FII SHOPJSUL
FSI;FDO SIGMA
MRCK;MERCK
CRE;CREMER
GPTC;FIQ GP TECNO
ESTC;ESTACIO PART
PLRI;FII POLO I
IVC;INVICTA
MST;MASTER
TRIC;ENXUTA
LIG;LIGHT
LATS;REXAM BCSA
BPAT;PATAGONIA
BPLA;BRASPEROLA
BRIV;REAL DE INV
AQT;AQUATEC
BMCT;MERC S PAULO
MAT;MATEC
RPS;RIPASA
NCT;QUIMISINOS
IGUA;IGUACU CAFE
LHER;LOJAS HERING
CCTU;CBC CARTUCHO
TMG;TELEMIG
MAGG;MAGNESITA SA
EDGA;FII GALERIA
DASA;DASA
SUY;SANSUY
BBVJ;FII C JARDIM
MSA;MOINHO SANT
RNDP;FII BB R PAP
BRCP;FIP BRASCAN
MDOU;WETZEL FUND
BMK;BIC MONARK
EKTR;ELEKTRO
GFT;GFTT
BAN;BANGU P INDL
PCO;PER COLUMBIA
ROMI;INDS ROMI
COPA;COPAS
ECPR;ENCORPAR
DUFB;DUFRYBRAS
JNJB;JOHNSON
TES;SUL AM TERR
BAZ;AMAZONIA
BGOS;EST GOIAS
JFEN;JOAO FORTES
SPRT;LONGDIS
RBGS;FII RB GSB I
WIE;MET WIEST
CYR;BRAZIL REALT
CGRA;GRAZZIOTIN
PATI;PANATLANTICA
ARP;TEXTIL ARP
TBC;TEL B CAMPO
SOL;SOLORRICO
BBR;BAMERIND BR
MOL;MOINHO LAPA
TROR;TRORION
VGAF;VARGA FREIOS
APHP;ALPHAPART
AMLC;AMELCO
FJKI;FDO JK IMOB
XPOM;FIP XP OMEGA
NFC;CONFRIO
JOPA;JOSAPAR
AMBV;AMBEV
BBCM;BANDEIRANTES
FLBR;FER DEMELLOT
ATE;AUTEL
QGN;QUIMIC GERAL
UBHD;UNIBANCO HLD
KEP;KEPLER WEBER
HET;HERCULES
PIUM;PIUMA PART
CHP;CHAPECO PR
FUJ;FUJIWARA
BMG;BMG BANCO
SINE;FIA FATOR S2
INFM;INEPAR-FEM
TAM;TAM
IVCT;INVICTA
CTB;CAETANO BRAN
VVAR;VIAVAREJO
BRDT;PETROBRAS BR
CSHP;FII CSHG POP
LAT;LATASA
GAF;GOMES ALMEID
PLD;POLIALDEN
SEB;KALIL SEHBE
CTXT;FII C TEXTIL
PEF;PETROFLEX
CSEG;CSM CARTOES
BMIN;MERC INVEST
XTED;FII TRXE COR
FCAP;SAM INDUSTR
PNV;PANVEL
CORR;COR RIBEIRO
PORP;POLIPR PART
CSCO;CISCO
ESTR;ESTRELA
IVIL;IND VILLARES
CNES;FII CENESP
ALB;ALBARUS
EEEL;CEEE
DIRR;DIRECIONAL
CLDX;COLDEX
PNO;PRONOR
DFV;D F VASCONC
BDL;BARDELLA
ERIC;ERICSSON
KLBN;KLABIN S/A
AEFI;FII AESAPAR
HYPE;HYPERMARCAS
CCRO;CCR RODOVIAS
TMGC;TELEMIG CL
MCRT;MICROTEC
EMXS;ENGEMIX
CSIP;COSIPA
MEHH;MEHIR HOLD
DOC;DOCAS
FLD;FLEXIDISC
TRM;TROMBINI
GLOB;GLOBEX
CSN;SID.NACIONAL
BIVT;BANDEIR INV
BBDC;BRADESCO
BRKM;BRASKEM
TRNA;TERNA PART
BRTO;BRASIL TELEC
RDCD;REDECARD
LUPA;LUPATECH
FIN;BAMERIND FCI
CSPP;SANTISTA PAP
NOG;NOGAM
VIVT;TELEF BRASIL
LCSA;PARMALAT
VSM;VIDR SMARINA
IDR;IDEROL
EMBR;EMBRAER
RHER;REN HERMANN
SPPE;PETR S PAULO
RPSA;RIPASA
HGN;HERING NORD
ETER;ETERNIT
SNSL;SENIOR SOL
SHPH;FII HIGIENOP
RBRD;FII RB II
AFLU;AFLUENTE
MRE;MOINHO RECIF
VUL;VULCABRAS
CBVI;CBV IND MEC
VIVO;VIVO
CTCO;CENT CORUMBA
PIB;PIR BRASILIA
CCI;CONCISA
BSCT;BESC
CPC;CAMACARI
LIBP;TEGENER PART
PVL;PEVE
CMGR;CEMAT
APTI;ALIPERTI
RCSL;RECRUSUL
POPR;POLIPROPILEN
SHUL;SCHULZ
ASS;ELDORADO
TELB;TELEBRAS
VSMA;VIDR SMARINA
ITAU;ITAUBANCO
RENT;LOCALIZA
FIND;IT NOW IFNC
HGN;FIBRASIL
IRID;IRIDIUM
STC;SANTACONSTAN
MSA;SERRANA
PEFX;PETROFLEX
VPSC;VARIG SERV
ACE;ACESITA
REA;REAL
STLB;STEEL BRASIL
BAUH;EXCELSIOR
MSAN;SERRANA
CTAP;CENT AMAPA
MAF;CIMAF
CMET;CAEMI
PQU;PETROQ UNIAO
ASA;ASA ALUMINIO
OXIT;OXITENO
TNG;SECURIT
SIM;SIMESC
GEPA;GER PARANAP
BMTO;BRASMOTOR
MULT;MULTIPLAN
RCML;ML RCML
BRSR;BANRISUL
EMB;EMBRAER
HGTX;HERING TEXT
ODB;ODEBRECHT
TMAC;AMAZONIA CEL
ITP;BRAMPAC
MGLU;MAGAZ LUIZA
HIN;HINDI
BAP;BARRETTO
TRPL;TRAN PAULIST
PTQS;PETROQUISA
TCN;TECNOSOLO
BCL;BCN LEASING
BFRE;BRAZILIAN FR
CCRO;CCR SA
BSUL;BAHIA SUL
BAAM;EST AMAZONAS
DIS;DONA ISABEL
DOWB;DOW CHEMICAL
MUL;MULLER
CAIA;CAIANDA PART
MXRF;FII MAXI REN
CAE;CAEMI AUXIL
TPLT;FDO TEMPLET
BEG;EST R JANEIR
MFL;SANTISTA ALM
SEBE;KALIL SEHBE
GVFF;FII GAVEA
FMAL;FII F MALL
BBRC;FII BB CORP
TRIS;TRISUL
PRVI;PROVIDENCIA
AHEB;ANHEMBI
MVI;MARVIN
TEFC;TELEFONICA
LEC;LECO
ICP;CIM ITAU
RCL;RIOCELL
PHE;PHEBO
LPSB;LOPES BRASIL
ESUD;FIP IE II
PTQ;PETROQUISA
IRON;ANGLO BRAZIL
LEP;BUSCHLE
RSI;ROSSI RESID
FIXX;FII FATORFIX
MDIA;M.DIASBRANCO
EBER;EBERLE
SDIA;SADIA S/A
CPFL;FERRO LIGAS
BZN;BENZENEX
TNLP;TELE NORT LE
PIPN;PIRELLI PNEU
CRU;SOUZA CRUZ
MTB;MULTIBRAS
PALF;PAUL F LUZ
DOVL;FII DOVEL
PAC;PACAEMBU
UTF;ULTRAFERTIL
BEG;BANERJ
COLG;COLGATE
CMM;C M A MINER
BNE;NOROESTE
BMLC;FII BMBRC LC
ZIVI;ZIVI
CABR;CASA ANGLO
TOY;TECTOY
MRO;M ROSCOE
EST;ESTRELA
PRE;PARANA EQUIP
FLBR;FECH BRASIL
CQN;CIQUINE QUIM
CEB;CEB
SLCE;SLC AGRICOLA
TGC;CALFAT
ICF;C FABRINI
ITA;ITAUBANCO
BERG;BERGAMO
BEP;BANESTADO
DBR;NORB ODEBREC
SMAL;ISHARES SMAL
HOO;HOTEIS OTHON
VAGV;VARIG
SLAE;SOLAE
SCO;SADIA CONCOR
ITL;ANTARCTIC MG
VMT;VALMET
SCAR;SAO CARLOS
TXRX;RENAUXVIEW
BAS;AMERICA SUL
ACGU;GUARANI
PDA;PERDIGAO ALM
TEND;TENDA
HBTS;HABITASUL
CAR;NITROCARBONO
PTB;PORTOBELLO
PIBB;IT NOW PIBB
PGCO;PG
MAP;MARCOP PART
DJO;DIJON
DATA;DATAMEC
AVON;AVON
LIB;LIB PART
CSMO;ISHARES CSMO
FAP;COFAP
BISA;BROOKFIELD
EDS;EDISA
COPH;COPHILLIPS
ENL;ENERTEL
FIIP;FII RB CAP I
GRE;BARB GREENE
NAK;NAKATA
GTD;GTD PART
BOEI;BOEING
SOF;SOFIMA
CDO;CACH DOURADA
IGB;GRADIENTE
RSUL;RIOSULENSE
CSBC;FII CSHG BC
DSUL;DATASUL
XBOV;CAIXAETFXBOV
CAU;CIM CAUE
JUT;BRASILJUTA
ECL;ECIL
SNS;SANSUY
AORE;ALL ORE
CJS;CASA J SILVA
SPCI;CIMBRASIL
RHO;RIO OTHON
FTRX;FAB C RENAUX
PCA;P.ACUCAR-CBD
CCP;CIM GAUCHO
LINX;LINX
PREQ;PARANA EQUIP
PFRM;PROFARMA
USG;UNIAO SEGURO
HGCR;FII CSHG CRI
ETE;ETERNIT
BTOW;B2W VAREJO
MATB;IT NOW IMAT
TRPN;TARPON INV
TBRS;TELEBRASILIA
MLFT;LA FONTE PAR
CVP;CEVAL PART
SOLO;SOLORRICO
CBEE;CERJ
GPIV;GP INVEST
BRGE;ALFA CONSORC
ELZ;ELIZIARIO
ESCE;ESCELSA
SULA;SUL AMERICA
AGE;PRODUTORES
AVP;AVIPAL
BBI;BRADESCO INV
CSUL;BCR BANCO
MGE;MANGELS INDL
MAHS;BUNGE FERT
GAF;GAFISA
TECH;ARGOLIS HOLD
CELP;CELPA
BISA;BRASCAN RES
IVE;IVEN
ARCE;ARCELOR BR
OPRE;OPPORT RET
LOR;LORENZ
FINT;FDO INTERNET
DIA;DIAMETRO EMP
GSGI;GOLDMANSACHS
CMCS;COMCAST
VAG;VARIG
VSP;FER C ATLANT
SDM;SID MICROEL
ARN;ARNO
DROG;DROGASIL
BMBR;B.MERIDIONAL
IBOV;IBOVESPA
KNCR;FII KINEA RI
BAHI;BAHEMA
CPS;COPESUL
FNA;FINAM
CPRE;CPFL RENOVAV
SCL;SCHLOSSER
ELK;ELEKEIROZ
ELCA;CAIUA
AGCX;FII AG CAIXA
DJON;DIJON
CPE;PAUL ENERGIA
PPAR;POLPAR
ITUB;ITAUUNIBANCO
IDNT;IDEIASNET
ROSI;AMADEO ROSSI
PETR;PETROBRAS
RCES;RCES
TRI;TRICHES
BECE;EST CEARA
SNS;SANSUY NORD
CBAG;BAN ARMAZENS
PRG;PERDIGAO S/A
PLT;POLITENO
PEAB;PAR AL BAHIA
GOY;GOYANA
MAG;MAGNESITA
TPRC;TIM SUL
PMT;PROMETAL
TEBA;TELEBAHIA
SSBR;SIERRABRASIL
VTE;VOTEC
MTC;METALAC
CAF;CAF BRASILIA
TERI;TEREOS
BOZ;BOZANO S CIA
CPF;FERRO LIGAS
EUCA;EUCATEX
SPG;SUPERAGRO
BNET;NOROESTE
RSID;ROSSI RESID
SANO;SANO
ALLL;ALL AMER LAT
COE;COEST CONST
BAZA;AMAZONIA
CAFE;CAF BRASILIA
MWE;MET WETZEL
TLPP;TELESP
ENGI;ENERGISA
CET;CETERP
ARTR;ARTERIS
SAM;SAMITRI
FNBS;VICUNHA NORD
MAP;CEMEPE
BAR;MET BARBARA
VGO;VIGOR
PNB;PANAMBRA SUL
ARP;DOUAT TEXTIL
TCSL;TIM PART S/A
CSA;SEG AL BAHIA
LIBP;LIB PART
DURA;DURATEX
JOO;SUPERME REAL
ANT;ANTARCTICA
MEN;MENDES JR
FRI;FRIGOBRAS
SOLO;CARGILL FERT
RCLL;RIOCELL
ASS;ASSAM HOTEIS
ILL;LINH CIRCULO
SCE;CREDIPLAN
ALMI;FII TORRE AL
BOBR;BOMBRIL
CZLT;COSAN LTD
STR;STAROUP
CDG;COMMANDER
GUR;GURGEL
NEMO;SUZANO HOLD
BGFF;BORGHOFF
JHS;J H SANTOS
IVI;IND VILLARES
WET;WENTEX
MLF;LA FONTE PAR
CAM;CAMBUCI
RGEG;RIO GDE ENER
IVTE;INVESTEC
BRAX;ISHARES BRAX
XPCM;FII XP MACAE
RHPR;REAL HLD PAR
TCHN;TECHNOS REL
FES;FERBASA
EURO;FDO EUROPAR
CELM;CELM
MDO;MET DOUAT
SURS;ELEVAD SUR
SINQ;FIA FATOR IV
CCS;COCISA
MRVE;MRV
